policy_id,event_date,event_type,amount
500375,2025-01-02,renewal,374.47
500804,2025-01-21,renewal,491.59
500286,2022-04-06,premium_payment,1067.95
500164,2023-10-31,premium_payment,1602.1
501060,2024-10-06,premium_refund,221.2
500566,2023-12-10,claim_paid,3674.65
501027,2024-08-30,renewal,496.89
500989,2022-08-25,premium_payment,372.33
500242,2025-02-18,renewal,1036.43
501068,2025-03-16,renewal,509.55
501007,2025-02-18,renewal,557.93
500073,2024-01-17,premium_payment,511.16
501113,2023-09-28,premium_payment,915.64
501072,2022-11-27,premium_payment,873.25
500297,2023-11-25,premium_refund,34.65
500013,2023-10-12,premium_payment,959.49
500023,2025-01-27,premium_payment,540.53
500452,2022-02-11,premium_payment,449.3
500281,2024-02-22,renewal,1031.82
500908,2025-01-16,renewal,443.89
501056,2024-08-21,premium_payment,300.0
500017,2024-01-06,renewal,1089.28
500386,2024-04-27,renewal,511.73
500505,2024-06-15,renewal,429.25
500268,2024-06-27,premium_payment,983.93
500404,2024-07-19,claim_paid,4934.67
500358,2024-02-25,renewal,333.05
500132,2023-09-29,premium_payment,300.0
500028,2023-07-03,premium_payment,658.73
500729,2024-12-27,renewal,401.69
500657,2023-08-21,renewal,2403.44
501051,2024-12-31,premium_refund,99.19
500687,2025-05-28,renewal,1716.63
500184,2022-01-01,premium_payment,1511.54
500928,2023-02-16,renewal,1837.11
500855,2024-12-24,premium_payment,1706.3
500529,2024-03-30,premium_payment,874.6
500659,2023-02-25,premium_payment,1888.67
500338,2025-03-29,renewal,307.64
500749,2024-08-18,premium_payment,1539.46
500640,2024-04-14,premium_payment,652.01
500030,2025-02-12,premium_payment,387.78
500398,2024-11-21,premium_payment,467.46
500230,2022-10-29,premium_payment,417.88
500781,2024-04-27,claim_paid,3486.01
500106,2021-12-17,premium_payment,300.0
501105,2025-04-27,renewal,465.03
500581,2023-09-30,premium_payment,632.59
500976,2025-02-18,renewal,803.95
500867,2024-11-28,renewal,298.52
500102,2023-09-14,renewal,363.2
500743,2023-09-15,premium_payment,300.0
500175,2024-07-12,premium_payment,538.52
501125,2022-10-13,premium_payment,1716.31
500381,2025-05-15,premium_refund,163.31
500953,2024-01-22,renewal,732.6
501070,2022-11-30,renewal,953.61
500748,2024-10-19,renewal,1229.26
500234,2025-01-01,premium_payment,436.97
500644,2022-11-04,premium_payment,765.68
500502,2021-12-28,premium_payment,436.9
500192,2024-03-02,premium_payment,638.2
500664,2024-07-07,renewal,669.12
500403,2024-04-28,claim_paid,3813.3
500713,2025-03-04,premium_payment,676.29
500607,2024-11-11,renewal,437.42
500074,2023-01-12,renewal,409.12
500585,2025-04-14,premium_payment,381.71
500721,2024-07-02,premium_payment,667.16
500181,2024-01-10,premium_payment,628.53
500344,2025-03-14,claim_paid,9454.85
501115,2023-07-17,renewal,814.28
500406,2022-08-28,premium_payment,535.07
500782,2023-10-29,premium_payment,902.87
500091,2024-09-24,renewal,2459.04
500081,2023-01-25,claim_paid,2284.24
500965,2024-09-19,premium_payment,682.18
500507,2022-05-27,premium_payment,384.37
500187,2023-05-25,premium_payment,447.82
500856,2022-08-14,premium_payment,1005.75
500500,2023-03-20,premium_payment,481.67
500218,2022-08-17,premium_payment,310.12
500130,2022-08-08,premium_payment,703.95
500516,2023-09-22,premium_payment,368.88
500410,2023-06-05,renewal,384.38
501017,2025-01-20,renewal,469.38
500461,2024-10-27,renewal,1109.12
500789,2022-09-26,premium_payment,512.89
500827,2022-02-10,premium_payment,305.35
500434,2024-10-23,premium_payment,2274.41
500017,2023-01-15,renewal,1007.91
500576,2022-04-09,premium_refund,165.91
500576,2022-12-17,renewal,749.93
500604,2024-05-28,premium_payment,660.12
500202,2025-03-03,renewal,464.01
500748,2023-10-27,premium_payment,1167.23
500265,2024-02-28,premium_payment,567.41
500785,2024-07-14,premium_payment,486.33
500224,2025-04-16,renewal,300.85
500831,2025-04-12,renewal,951.5
500335,2024-11-30,premium_payment,300.0
500488,2025-04-06,renewal,378.55
500182,2024-09-07,renewal,349.98
500286,2025-03-25,renewal,1067.37
500127,2024-05-14,renewal,523.83
500109,2022-01-11,premium_payment,300.0
500650,2025-01-01,premium_payment,1610.9
500313,2025-02-27,claim_paid,4804.69
500607,2023-01-16,premium_refund,100.0
500219,2025-04-03,premium_payment,305.53
500582,2023-11-09,premium_payment,629.79
500074,2025-01-07,renewal,382.27
500231,2024-03-18,renewal,553.91
500673,2022-12-18,premium_refund,290.94
501009,2024-11-28,renewal,699.1
500344,2024-05-28,renewal,465.88
500767,2025-01-18,renewal,406.59
500394,2024-10-05,premium_payment,1743.61
500562,2024-05-01,renewal,766.76
500529,2025-03-23,renewal,958.42
500419,2023-05-12,premium_payment,575.07
500079,2024-05-02,renewal,326.12
500762,2025-06-01,premium_refund,72.8
500586,2025-01-11,premium_payment,465.65
500933,2024-02-03,renewal,1037.44
500440,2025-01-19,renewal,300.67
500133,2024-01-06,premium_payment,550.93
500559,2025-01-13,renewal,663.69
500417,2022-12-14,premium_refund,119.82
500541,2023-08-23,premium_refund,60.2
500163,2024-07-09,premium_payment,883.26
500100,2023-04-10,renewal,1218.56
501078,2023-10-11,renewal,654.65
500092,2025-01-07,premium_payment,443.49
500951,2024-12-18,renewal,486.71
500627,2024-08-20,renewal,663.96
500788,2024-07-10,renewal,441.91
500952,2023-09-06,premium_payment,310.3
500514,2024-10-04,premium_payment,300.0
500413,2022-11-12,premium_payment,1741.13
500683,2024-11-01,premium_payment,300.0
501125,2024-09-30,renewal,1841.34
500698,2023-06-26,premium_payment,1221.82
500446,2024-08-17,renewal,447.37
500144,2024-07-28,premium_payment,406.74
501053,2025-03-01,premium_payment,427.75
500587,2023-01-18,premium_payment,587.09
501020,2024-04-22,renewal,2066.41
500653,2022-12-14,premium_payment,484.93
500724,2023-11-14,renewal,714.37
501022,2025-01-16,premium_payment,712.32
500914,2023-03-04,premium_payment,2052.82
500737,2022-03-29,premium_payment,390.6
500179,2024-07-08,renewal,380.84
500908,2024-01-14,renewal,413.7
500950,2023-12-02,premium_payment,1114.93
500288,2022-06-30,premium_payment,355.58
500368,2023-05-17,premium_payment,585.33
500916,2022-07-31,premium_payment,875.26
500714,2024-02-21,claim_paid,7535.19
500347,2023-03-19,renewal,362.75
500795,2025-05-12,claim_paid,5334.47
500822,2023-02-14,renewal,780.81
500636,2024-12-07,premium_payment,352.94
500402,2022-12-14,premium_payment,436.39
501123,2024-09-27,premium_payment,359.78
500347,2022-03-26,premium_payment,344.41
500470,2023-10-27,premium_payment,365.42
500947,2025-03-17,renewal,2066.27
500624,2023-04-12,premium_refund,371.16
500840,2022-03-21,premium_payment,711.58
500533,2024-08-28,renewal,1754.93
500978,2022-11-28,premium_payment,300.0
500527,2025-05-18,claim_paid,6664.81
500561,2022-10-15,premium_payment,472.72
500550,2024-03-28,premium_payment,327.09
500041,2024-03-25,renewal,432.96
500081,2024-04-04,renewal,302.69
500511,2024-03-05,renewal,969.38
500405,2024-03-26,premium_payment,481.65
500797,2023-07-07,premium_payment,2117.27
500059,2022-09-29,claim_paid,1739.92
500693,2025-04-17,premium_payment,1497.59
501110,2025-03-02,renewal,601.27
501050,2025-02-03,renewal,327.82
500709,2023-12-16,renewal,650.81
500246,2023-09-01,premium_payment,927.62
500481,2023-12-31,renewal,2166.44
500095,2025-04-08,renewal,575.22
500669,2023-04-25,renewal,343.03
500186,2023-08-30,premium_payment,515.18
500934,2025-03-22,renewal,328.0
500667,2024-06-03,claim_paid,5153.65
500885,2024-02-14,claim_paid,6418.91
500075,2025-01-30,renewal,333.24
500364,2025-02-17,renewal,319.91
500832,2023-05-12,premium_payment,582.8
500142,2023-10-31,premium_payment,300.0
500894,2025-03-17,claim_paid,1821.76
500767,2024-01-16,renewal,394.33
500477,2023-11-10,renewal,504.09
500756,2024-06-02,renewal,2064.46
500843,2024-09-19,renewal,300.71
500391,2024-07-25,premium_payment,300.0
500751,2024-08-26,premium_payment,1392.98
500481,2023-05-02,claim_paid,7749.8
501066,2023-10-01,premium_refund,163.41
500600,2023-02-23,renewal,775.97
500396,2025-04-05,claim_paid,3937.02
500370,2023-03-29,premium_payment,380.91
500913,2023-06-07,premium_payment,512.41
500634,2023-11-26,premium_payment,2061.99
500945,2023-05-24,premium_payment,444.64
501024,2022-11-16,premium_payment,300.0
500825,2024-07-09,premium_payment,520.21
500604,2025-05-28,renewal,683.95
500904,2023-09-21,renewal,451.54
500291,2025-04-25,renewal,974.24
500982,2024-09-14,renewal,529.52
501086,2023-11-29,renewal,381.4
500327,2025-01-30,premium_payment,908.81
500649,2024-05-31,renewal,1542.77
501122,2025-05-03,renewal,1168.33
500201,2025-03-22,premium_payment,405.83
500958,2025-05-10,renewal,427.32
500347,2025-03-24,renewal,352.52
500699,2025-05-15,renewal,553.26
500800,2023-03-19,renewal,1566.96
500140,2023-06-22,premium_payment,512.4
500715,2024-03-12,renewal,501.26
501086,2022-12-04,renewal,346.21
500072,2024-12-18,renewal,436.75
500538,2025-02-21,renewal,492.15
500970,2024-09-27,premium_payment,363.84
500801,2022-11-02,premium_payment,325.02
500459,2024-01-24,renewal,1498.68
500879,2024-12-18,premium_payment,507.65
500796,2024-08-12,premium_payment,365.88
500263,2023-08-06,renewal,648.39
500738,2022-08-27,premium_payment,450.36
500407,2025-03-03,renewal,429.39
500915,2024-07-08,premium_payment,533.24
500252,2024-10-05,renewal,749.16
500447,2024-09-03,renewal,304.27
500172,2024-10-23,renewal,1006.95
500967,2024-11-27,premium_payment,740.5
500864,2023-12-10,premium_payment,709.24
500098,2022-05-01,premium_payment,339.89
500918,2025-04-17,claim_paid,2198.28
500558,2024-09-02,premium_payment,1816.11
500050,2023-07-23,renewal,329.43
500020,2025-05-21,renewal,335.88
500720,2023-05-13,premium_payment,694.54
501002,2025-03-19,claim_paid,5907.31
500716,2024-08-20,renewal,1346.86
501102,2023-10-15,premium_payment,380.66
501112,2022-08-13,premium_payment,582.43
500648,2025-03-18,renewal,663.42
500441,2024-07-21,renewal,601.43
500371,2023-06-21,premium_payment,352.14
501026,2024-10-24,renewal,686.49
500250,2023-06-21,premium_payment,300.0
500715,2023-09-15,claim_paid,7136.16
500714,2023-11-25,premium_payment,1098.51
500997,2024-02-04,renewal,471.56
500416,2025-02-01,renewal,1654.39
500987,2024-02-05,renewal,577.26
500092,2025-04-25,premium_refund,79.44
501050,2024-02-12,renewal,335.81
500951,2023-01-01,premium_payment,481.87
500832,2025-05-04,renewal,631.63
500471,2024-10-13,renewal,455.16
500277,2025-04-20,claim_paid,8378.21
500204,2024-12-15,premium_payment,463.14
500612,2025-03-09,renewal,1535.4
500094,2024-09-30,claim_paid,4910.66
500954,2023-07-05,renewal,409.75
500587,2023-03-09,premium_refund,75.62
500272,2024-07-31,renewal,716.86
500362,2024-07-31,renewal,474.07
500213,2023-12-13,premium_payment,426.17
500901,2022-12-03,premium_payment,1135.92
500489,2025-02-09,renewal,377.21
500990,2025-03-31,renewal,476.65
500937,2023-11-20,premium_payment,550.49
500158,2025-04-16,premium_refund,143.43
500803,2023-07-27,renewal,439.92
500474,2024-06-25,premium_payment,583.92
500944,2022-09-25,premium_refund,89.86
500647,2023-03-14,renewal,642.24
500940,2024-05-31,premium_payment,589.8
500257,2023-01-23,premium_payment,494.0
500567,2025-04-18,renewal,842.3
500262,2024-03-11,premium_payment,517.22
500209,2024-06-08,premium_payment,300.0
500489,2023-02-09,renewal,377.02
500666,2025-02-03,renewal,344.4
500395,2024-04-06,premium_payment,471.67
500584,2024-04-17,renewal,863.41
500111,2022-05-01,premium_payment,688.94
500043,2024-10-16,premium_payment,300.0
500107,2025-02-19,claim_paid,4883.5
500904,2022-10-06,premium_payment,421.53
500307,2023-01-05,renewal,1249.28
500369,2024-03-09,claim_paid,8380.38
500251,2024-07-17,premium_payment,300.0
500181,2024-03-31,premium_refund,149.55
501023,2023-03-04,premium_payment,324.63
500869,2025-03-08,claim_paid,3694.84
500793,2025-02-19,renewal,1082.79
500517,2024-02-15,premium_payment,432.92
500412,2022-08-08,premium_payment,372.54
500264,2023-04-02,renewal,315.24
500356,2025-05-07,claim_paid,7313.78
500839,2025-04-11,renewal,1043.72
500380,2023-05-17,premium_payment,415.48
500337,2025-01-27,renewal,1214.49
501017,2024-03-31,claim_paid,6499.44
500940,2025-05-31,renewal,630.39
500705,2023-05-30,renewal,1130.49
500602,2023-08-12,premium_payment,780.73
500741,2025-01-25,renewal,794.59
501092,2022-09-12,premium_payment,791.09
501095,2024-01-19,premium_payment,2088.87
500798,2023-09-02,renewal,1263.65
500455,2024-02-13,renewal,360.97
500012,2023-06-16,premium_payment,1142.07
500548,2024-08-04,premium_payment,352.59
500731,2024-12-30,claim_paid,2918.52
500613,2024-05-02,renewal,417.29
500668,2022-12-06,renewal,664.44
500878,2022-01-04,premium_payment,1697.35
500923,2024-09-25,premium_payment,549.99
500741,2024-02-05,premium_payment,711.83
500290,2021-12-26,premium_payment,300.0
500899,2025-03-13,renewal,515.64
500512,2023-07-09,premium_payment,1260.26
500957,2023-11-18,renewal,571.97
500753,2023-11-05,renewal,1004.17
500210,2023-08-07,premium_payment,490.17
500101,2025-02-05,claim_paid,3956.99
501110,2023-03-04,renewal,557.57
500271,2024-07-23,renewal,1379.19
500049,2024-06-22,renewal,855.28
500183,2022-11-27,premium_payment,1019.9
500411,2024-10-12,renewal,1159.77
501108,2024-05-02,renewal,315.28
501006,2024-01-26,premium_payment,637.89
500692,2024-10-20,renewal,646.6
500392,2024-06-17,premium_payment,400.74
500108,2024-07-31,premium_payment,639.39
500819,2023-12-10,renewal,1079.56
500555,2022-01-12,premium_payment,462.95
500513,2023-04-23,renewal,1396.2
500890,2024-10-02,renewal,1614.34
500417,2024-09-27,renewal,716.81
500301,2025-03-29,claim_paid,8485.05
500760,2024-03-14,claim_paid,12574.95
500652,2024-02-27,renewal,636.88
500340,2025-02-13,premium_payment,1638.71
500326,2023-08-28,renewal,364.81
500273,2023-03-18,premium_payment,713.31
500331,2024-07-02,premium_payment,815.39
500614,2023-10-27,renewal,324.39
500256,2024-12-26,claim_paid,2043.72
500202,2024-03-03,renewal,485.87
500905,2024-01-11,renewal,1687.09
500378,2025-01-19,claim_paid,2210.59
500914,2024-06-30,claim_paid,1712.93
500191,2025-03-01,renewal,530.75
500464,2025-04-13,renewal,696.89
500469,2023-10-12,premium_payment,552.62
500448,2023-05-17,renewal,1315.76
500875,2023-10-07,renewal,718.46
500456,2023-09-03,renewal,307.91
500802,2025-01-25,premium_payment,606.64
500935,2025-05-14,renewal,859.39
500937,2024-11-08,renewal,595.81
500045,2022-05-17,premium_payment,601.25
501043,2025-02-12,claim_paid,5090.28
500909,2024-10-12,premium_payment,321.24
500267,2025-05-23,claim_paid,4121.44
500113,2025-03-27,premium_payment,425.19
500192,2025-02-28,renewal,665.48
500995,2024-08-11,renewal,800.48
500237,2024-02-21,renewal,352.56
500907,2024-09-20,renewal,1544.61
500075,2024-12-03,claim_paid,3913.22
500223,2023-08-19,premium_payment,491.29
500881,2023-11-17,premium_refund,148.45
500803,2022-11-28,premium_refund,126.41
500198,2025-04-14,renewal,308.24
500898,2024-09-02,renewal,933.47
501036,2024-03-31,claim_paid,7914.37
500963,2023-08-01,renewal,2058.03
500804,2024-01-14,renewal,476.34
500735,2024-09-29,premium_payment,552.18
500812,2023-08-10,premium_payment,483.31
500130,2024-08-07,renewal,698.8
500064,2025-01-02,premium_payment,538.07
500231,2023-03-16,renewal,591.79
500485,2025-04-14,claim_paid,1538.25
500953,2025-01-26,renewal,675.74
501054,2023-06-30,renewal,324.02
500620,2024-08-20,premium_refund,105.13
500912,2022-02-21,premium_payment,426.23
500594,2024-06-09,renewal,751.19
500575,2024-03-23,premium_payment,300.0
500543,2024-11-16,renewal,358.38
500196,2024-09-16,premium_payment,300.0
500191,2024-02-17,renewal,471.0
500728,2025-04-08,renewal,1852.18
500462,2023-02-27,renewal,711.34
500106,2022-12-02,renewal,319.27
500466,2025-02-28,premium_refund,203.72
500820,2023-12-02,premium_payment,352.85
500837,2024-07-23,premium_payment,465.68
500950,2024-01-13,claim_paid,4160.02
500613,2023-05-14,premium_payment,389.93
500156,2022-02-10,premium_payment,423.98
500272,2022-08-11,premium_payment,687.67
500824,2023-04-09,premium_payment,300.0
500011,2023-10-28,claim_paid,2408.46
500366,2025-03-16,premium_payment,769.91
500652,2023-02-28,premium_payment,573.99
500211,2022-11-02,premium_payment,455.39
500599,2024-12-29,renewal,755.64
500191,2022-03-03,premium_payment,474.22
500912,2023-02-17,renewal,443.01
500770,2023-10-16,renewal,545.12
501049,2023-10-29,claim_paid,4937.9
500565,2024-11-22,renewal,700.19
501099,2023-12-13,premium_payment,1132.92
500070,2023-06-25,premium_payment,380.2
500250,2024-06-07,renewal,300.96
500847,2022-04-30,premium_payment,316.94
500435,2025-05-08,renewal,736.72
500285,2025-02-07,premium_payment,704.9
500830,2022-11-20,premium_payment,592.04
500148,2022-05-05,premium_payment,362.46
500861,2024-01-31,premium_refund,427.81
500324,2024-02-13,renewal,397.89
500066,2024-08-12,renewal,404.89
500204,2025-01-14,claim_paid,3143.92
500386,2025-05-03,renewal,558.15
500695,2023-11-07,renewal,970.34
500158,2025-03-29,premium_payment,332.85
500348,2024-06-07,premium_payment,360.39
500090,2023-12-03,premium_payment,301.31
500906,2025-02-11,renewal,1514.82
500109,2024-12-31,renewal,296.32
500519,2025-01-01,renewal,319.51
500639,2023-02-22,premium_payment,368.17
500206,2022-12-06,premium_refund,91.42
501062,2024-04-03,premium_payment,426.53
500577,2023-08-27,renewal,1316.94
501028,2023-10-18,renewal,415.83
500023,2025-03-04,claim_paid,4260.3
501037,2025-04-16,premium_payment,378.25
500482,2024-09-11,premium_payment,1371.12
501086,2022-08-10,claim_paid,2500.95
500237,2022-03-02,premium_payment,354.39
500084,2024-07-30,premium_payment,399.32
500098,2025-04-30,renewal,339.66
500663,2025-02-14,renewal,560.71
500569,2023-01-05,premium_payment,456.5
500877,2023-09-20,premium_payment,990.61
500984,2022-06-07,premium_refund,128.59
500871,2024-03-25,premium_payment,624.3
500715,2025-03-06,renewal,477.81
500195,2023-12-21,renewal,874.0
501124,2025-05-18,renewal,1177.93
500139,2024-05-13,renewal,376.04
500810,2025-05-22,renewal,712.88
500975,2025-05-05,renewal,659.89
500691,2024-08-16,premium_payment,1155.17
501091,2025-03-17,renewal,2318.41
500027,2025-02-12,renewal,306.47
501087,2023-06-05,premium_payment,1071.55
500479,2023-12-01,claim_paid,6023.13
500060,2023-11-22,premium_payment,1021.94
500973,2024-01-03,premium_payment,300.0
500899,2023-03-29,premium_payment,470.67
500071,2024-06-27,renewal,1158.4
500358,2023-02-25,premium_payment,300.0
500771,2022-05-30,premium_payment,917.51
500099,2024-06-15,renewal,446.22
500675,2021-12-12,premium_payment,408.43
501042,2024-06-07,premium_payment,598.68
500345,2024-03-26,premium_payment,417.29
500537,2025-01-25,renewal,822.11
500577,2023-12-25,claim_paid,3750.85
500440,2024-01-24,premium_payment,300.0
500424,2024-07-01,premium_payment,324.07
500027,2023-02-12,renewal,307.75
500760,2023-12-24,renewal,353.48
500673,2023-11-14,renewal,647.09
500530,2024-04-22,renewal,571.6
500126,2025-06-01,premium_refund,134.08
500213,2024-12-03,renewal,453.23
500960,2024-10-09,premium_payment,300.0
500471,2023-10-14,renewal,448.53
500457,2025-02-02,renewal,1031.45
500235,2024-10-08,premium_payment,564.27
500056,2024-02-23,premium_payment,300.0
500547,2023-04-09,premium_payment,1484.03
500555,2022-03-09,premium_refund,96.0
500142,2024-03-25,claim_paid,4503.07
500430,2023-06-16,renewal,489.93
501036,2024-04-21,renewal,377.45
500736,2024-08-17,renewal,997.95
500250,2023-10-05,premium_refund,33.4
500404,2024-09-05,renewal,331.16
501024,2023-11-04,renewal,300.44
500193,2025-01-14,renewal,402.88
500224,2024-04-28,premium_payment,300.0
500032,2023-08-06,premium_payment,638.33
500688,2023-05-23,premium_payment,1228.71
500533,2023-09-11,premium_payment,1761.36
501043,2024-07-16,premium_payment,356.18
500681,2024-01-22,renewal,406.96
500700,2022-12-22,premium_payment,410.93
500955,2023-10-22,premium_payment,385.09
500211,2024-10-20,renewal,454.81
501076,2022-06-30,premium_payment,321.53
500193,2023-01-15,renewal,397.7
500776,2025-04-13,claim_paid,2871.85
501090,2023-03-21,premium_payment,574.56
500072,2022-12-25,renewal,423.28
500426,2025-05-02,premium_payment,376.54
500019,2024-03-24,premium_refund,145.89
500355,2024-08-16,renewal,315.97
500004,2025-03-10,renewal,417.96
500019,2024-11-19,renewal,462.06
500353,2024-02-14,claim_paid,2551.58
501081,2025-01-08,premium_payment,783.22
500592,2024-12-07,premium_payment,470.31
500450,2023-12-06,renewal,1221.17
500010,2023-04-26,claim_paid,2063.93
501039,2023-11-10,premium_payment,300.0
500761,2025-05-18,claim_paid,6628.91
500747,2022-05-16,premium_payment,1293.33
500606,2025-04-12,premium_refund,68.97
500161,2023-04-20,renewal,320.19
500522,2025-04-01,claim_paid,22540.97
500798,2022-09-04,premium_payment,1235.89
500878,2022-12-28,renewal,1859.48
500609,2025-02-14,premium_payment,300.0
500668,2021-12-17,premium_payment,599.69
500987,2022-02-06,premium_payment,567.53
500848,2025-02-12,renewal,308.53
500359,2025-03-18,premium_payment,362.52
500102,2024-08-31,renewal,398.31
500571,2022-12-10,premium_payment,315.03
500477,2022-11-11,premium_payment,476.16
500410,2024-06-07,renewal,401.11
500554,2023-02-25,premium_payment,482.56
500156,2025-01-26,renewal,459.66
501035,2023-04-24,premium_payment,342.33
501053,2025-05-27,premium_refund,101.4
500992,2024-07-30,claim_paid,13040.32
500285,2025-05-30,claim_paid,10503.51
501091,2023-03-25,premium_payment,2190.17
500843,2023-09-29,renewal,310.11
500786,2023-02-04,premium_refund,158.08
500746,2024-12-07,premium_payment,554.6
500927,2023-12-26,renewal,1216.16
500929,2024-08-12,claim_paid,2121.63
500726,2022-06-15,premium_payment,403.15
500540,2025-01-05,renewal,428.88
500991,2024-06-08,premium_payment,367.08
500518,2025-04-05,renewal,1216.2
500898,2023-09-18,premium_payment,838.68
500307,2025-01-12,renewal,1176.74
501010,2022-06-19,premium_payment,832.7
500672,2023-01-22,renewal,408.87
500437,2024-01-03,renewal,504.59
500918,2024-12-25,premium_payment,558.57
500957,2024-11-13,renewal,593.5
500055,2025-04-17,renewal,689.16
500428,2025-02-25,renewal,599.73
500293,2022-05-22,premium_payment,300.0
500180,2025-04-25,renewal,373.21
500670,2024-12-30,premium_payment,1395.44
500287,2024-04-20,premium_payment,317.03
500355,2023-08-18,premium_payment,316.12
500218,2024-08-13,renewal,327.25
501070,2024-12-06,renewal,913.3
500153,2022-09-10,premium_payment,539.37
500826,2022-07-10,premium_payment,701.69
500134,2022-02-21,premium_payment,899.21
500665,2024-01-17,claim_paid,2660.4
501061,2024-03-20,premium_payment,350.11
500318,2024-07-11,premium_payment,515.18
500505,2024-04-10,claim_paid,6596.02
880001,2024-11-02,premium_payment,1850.0
500095,2024-04-16,renewal,526.63
500332,2024-11-04,premium_payment,504.45
500198,2024-04-24,renewal,295.63
500485,2025-02-23,premium_payment,357.28
500038,2021-12-15,premium_payment,421.49
500919,2024-02-14,renewal,897.41
500116,2023-09-22,premium_payment,628.69
500678,2022-11-08,premium_payment,456.4
500130,2023-08-02,renewal,724.16
500742,2025-03-24,renewal,749.79
500378,2024-12-14,renewal,386.89
500184,2024-01-01,renewal,1536.08
500207,2022-05-09,premium_payment,835.49
501071,2025-02-21,renewal,525.18
500383,2024-12-24,renewal,410.4
500929,2024-02-06,premium_payment,692.26
501092,2024-09-03,renewal,786.54
500712,2024-10-12,premium_payment,1515.68
500435,2024-05-12,premium_payment,694.95
500504,2024-09-23,renewal,562.83
500002,2025-04-08,renewal,1317.94
500464,2023-04-25,premium_payment,650.43
500126,2025-04-19,premium_payment,300.0
500448,2025-05-14,renewal,1452.36
500906,2023-02-14,renewal,1378.35
500780,2023-10-22,premium_payment,1696.25
500847,2024-04-16,renewal,338.35
500008,2025-02-14,renewal,356.7
500269,2024-12-11,renewal,319.3
500838,2023-10-16,renewal,457.1
500786,2024-12-07,renewal,439.59
500588,2022-07-11,premium_payment,331.76
500658,2025-05-22,claim_paid,11326.04
501030,2023-12-20,premium_payment,438.26
500543,2022-11-30,premium_payment,335.05
500869,2024-10-08,premium_payment,803.39
500653,2023-12-08,renewal,539.39
501085,2023-09-18,premium_payment,391.67
500938,2024-12-27,premium_payment,1830.96
500303,2022-04-13,premium_payment,395.65
500506,2024-08-10,renewal,355.81
500655,2024-12-20,renewal,342.46
500095,2023-04-19,premium_payment,519.26
500264,2022-04-13,premium_payment,300.0
500319,2024-04-05,renewal,489.38
500564,2022-11-19,premium_payment,671.86
500135,2023-05-20,premium_payment,300.0
500828,2023-12-03,premium_payment,450.52
500836,2022-10-06,premium_payment,1271.28
500819,2024-12-15,renewal,1064.18
500572,2025-01-08,renewal,298.83
500153,2024-09-01,renewal,551.34
500790,2025-05-11,renewal,1001.63
500520,2023-08-14,premium_payment,300.0
500283,2022-02-24,premium_refund,133.45
500988,2024-07-25,renewal,903.37
500984,2022-04-20,premium_payment,309.1
500625,2023-09-18,premium_payment,814.25
500467,2024-01-19,renewal,2149.7
500296,2023-06-21,premium_payment,300.0
501014,2024-06-26,premium_payment,300.0
500304,2022-05-24,premium_refund,86.11
500520,2024-07-31,renewal,329.4
500081,2022-04-20,premium_payment,300.0
500074,2024-01-13,renewal,423.98
500391,2024-10-22,premium_refund,48.08
500297,2023-09-16,premium_payment,300.0
500775,2024-12-03,premium_payment,1270.47
501007,2023-02-21,renewal,546.31
500361,2025-01-16,renewal,440.61
500058,2023-09-15,renewal,388.19
500152,2024-03-28,renewal,444.31
500797,2024-07-30,claim_paid,7787.5
500980,2025-05-07,renewal,936.3
500478,2024-03-28,renewal,563.03
500136,2024-01-10,renewal,451.3
500279,2024-01-31,renewal,1445.29
500171,2022-06-19,premium_payment,518.85
500715,2023-03-13,premium_payment,448.17
501052,2024-08-27,renewal,470.28
500383,2022-12-11,renewal,398.18
500075,2024-02-03,renewal,340.34
500188,2025-01-14,claim_paid,4820.33
500403,2023-08-23,premium_payment,305.96
500832,2024-04-30,renewal,588.37
500457,2023-01-25,renewal,1034.69
501021,2024-08-17,premium_payment,639.44
500078,2023-08-04,renewal,305.68
500455,2025-02-07,renewal,376.19
500917,2024-03-14,premium_payment,608.97
500778,2022-10-17,premium_payment,382.71
500601,2023-08-03,renewal,596.36
500643,2024-12-23,renewal,607.85
500732,2025-04-01,premium_payment,896.12
500496,2023-11-27,renewal,754.61
500215,2024-04-03,premium_payment,660.92
500759,2025-02-27,premium_payment,543.27
500954,2024-07-11,renewal,418.28
500495,2025-01-04,renewal,771.96
501018,2024-07-08,renewal,386.4
500361,2023-01-21,renewal,434.21
500781,2025-02-17,renewal,1191.67
500902,2024-09-26,renewal,1423.29
500649,2025-05-31,renewal,1511.65
500053,2023-11-12,premium_payment,306.85
500736,2023-08-12,renewal,935.07
500127,2023-05-08,renewal,495.69
500986,2025-01-06,premium_payment,379.78
500336,2023-06-11,renewal,1414.81
500878,2023-12-28,renewal,1852.72
501054,2024-06-18,renewal,319.95
500337,2024-01-28,renewal,1364.8
500375,2024-03-24,premium_refund,182.54
501092,2023-09-10,renewal,880.02
500162,2024-05-31,renewal,414.82
500644,2024-10-24,renewal,815.99
500246,2024-08-17,renewal,950.07
500767,2022-01-24,premium_payment,377.72
500525,2023-12-20,premium_payment,395.61
500451,2025-01-16,premium_payment,300.0
500608,2025-03-23,premium_payment,885.97
500087,2025-03-31,renewal,401.52
501108,2023-05-07,premium_payment,300.0
500800,2025-03-22,renewal,1603.9
500055,2022-04-21,premium_payment,616.44
500127,2025-05-13,renewal,506.29
500253,2024-12-17,claim_paid,5201.39
500618,2024-08-29,premium_payment,474.22
500720,2025-04-27,renewal,712.1
500669,2024-04-26,renewal,390.63
500123,2022-08-31,premium_payment,496.24
500472,2023-12-26,premium_payment,300.0
500694,2024-01-25,renewal,298.5
500161,2022-04-26,premium_payment,300.0
500614,2022-10-30,premium_payment,300.0
500596,2025-05-07,claim_paid,6593.08
501038,2022-12-28,premium_payment,903.08
500276,2025-03-05,premium_payment,623.64
500887,2023-04-02,premium_payment,638.94
500730,2024-09-01,claim_paid,3360.42
500858,2023-10-12,renewal,596.82
500129,2024-09-19,premium_payment,634.98
500462,2024-01-08,claim_paid,12883.72
500368,2025-05-13,renewal,608.65
501052,2023-09-03,premium_payment,459.25
500459,2023-01-24,premium_payment,1397.89
500187,2024-05-20,renewal,447.06
500863,2024-09-02,premium_payment,538.94
500599,2023-12-22,renewal,754.64
500752,2024-11-05,premium_payment,319.89
500535,2024-11-19,renewal,605.78
500026,2024-11-19,renewal,1179.02
500813,2025-04-29,premium_payment,321.7
500728,2023-04-21,renewal,1789.46
500324,2025-02-13,renewal,400.65
500600,2025-02-27,renewal,741.35
500595,2022-06-05,premium_payment,300.0
500099,2023-06-23,premium_payment,414.68
500745,2024-03-28,renewal,617.67
500871,2025-03-10,renewal,646.74
500676,2023-12-28,renewal,630.06
500453,2024-04-12,premium_payment,707.34
500627,2022-08-24,premium_payment,652.93
500377,2023-11-01,premium_payment,464.68
500437,2025-01-04,renewal,523.39
500593,2025-04-26,renewal,519.92
500166,2024-04-28,renewal,485.75
500948,2022-07-15,premium_payment,680.11
500723,2023-10-26,premium_payment,608.23
500589,2024-12-22,renewal,385.49
500132,2023-12-03,premium_refund,101.15
500263,2022-08-09,premium_payment,581.11
500699,2023-05-18,premium_payment,537.01
500329,2023-10-13,premium_payment,300.0
500044,2025-05-04,renewal,403.84
500694,2025-01-15,renewal,315.3
500322,2023-08-29,premium_payment,300.0
500709,2022-12-28,premium_payment,598.75
500588,2024-06-27,renewal,369.66
500236,2023-07-08,premium_payment,480.52
501068,2022-05-28,premium_refund,182.59
500531,2024-11-17,renewal,1884.84
500839,2024-04-17,renewal,1128.04
500279,2023-01-23,renewal,1304.34
500989,2024-08-14,renewal,413.88
500078,2024-08-08,renewal,302.49
500928,2024-02-16,renewal,2077.25
500628,2024-12-28,claim_paid,5558.81
500910,2024-11-25,premium_refund,320.1
500381,2025-04-25,claim_paid,6944.97
500652,2025-02-19,renewal,630.04
500711,2025-04-17,claim_paid,6946.6
501038,2023-12-23,renewal,972.57
500631,2025-03-07,claim_paid,4013.01
500226,2024-01-17,premium_payment,568.9
500410,2022-06-16,premium_payment,384.75
500540,2023-01-04,renewal,446.95
500663,2023-02-18,renewal,567.88
500939,2023-04-30,renewal,553.68
500266,2023-10-21,premium_payment,821.86
501108,2025-02-13,claim_paid,9325.33
500420,2024-10-12,renewal,1939.74
500068,2022-02-07,premium_payment,418.1
500737,2024-03-14,renewal,422.9
500666,2024-02-15,renewal,361.3
500526,2024-12-20,premium_payment,334.73
500319,2024-01-10,claim_paid,3376.6
500941,2025-03-25,premium_payment,367.78
501028,2022-10-30,premium_payment,381.9
500010,2024-05-02,renewal,515.02
500070,2024-06-19,renewal,376.75
500716,2022-08-29,premium_payment,1224.13
500147,2025-02-26,renewal,342.95
500547,2024-03-30,renewal,1591.59
501078,2022-10-21,premium_payment,633.56
500817,2024-06-19,premium_payment,820.36
500195,2024-12-22,renewal,812.99
501109,2023-08-01,premium_payment,563.52
500677,2025-05-29,claim_paid,6020.73
500419,2024-05-01,renewal,628.32
500281,2023-02-20,renewal,960.24
500620,2024-12-31,claim_paid,11269.79
500138,2023-07-12,renewal,536.33
500157,2024-02-05,premium_payment,483.75
500244,2023-05-12,renewal,413.16
500926,2025-01-16,premium_payment,641.95
500700,2023-12-22,renewal,410.82
500536,2025-02-13,premium_payment,478.36
500777,2025-04-01,renewal,958.18
500136,2023-01-20,premium_payment,431.05
500129,2024-12-03,claim_paid,4348.38
500302,2024-09-17,premium_payment,580.73
500486,2023-02-16,premium_payment,1131.85
500277,2023-12-17,premium_payment,417.49
500922,2023-05-14,renewal,607.98
500865,2024-08-18,premium_payment,353.57
500468,2024-06-03,premium_payment,1081.2
500886,2025-04-15,premium_payment,593.93
500661,2023-04-27,renewal,474.51
500764,2022-08-09,premium_payment,374.7
500750,2023-06-19,premium_payment,485.48
501084,2023-03-09,renewal,625.72
501031,2024-08-17,renewal,868.1
501124,2023-05-11,renewal,1141.61
500527,2025-03-05,renewal,683.95
501050,2022-02-19,premium_payment,300.0
500549,2025-03-20,premium_payment,300.0
500006,2024-08-03,premium_payment,392.38
500595,2024-05-29,renewal,294.62
500357,2024-10-24,premium_payment,300.0
500667,2025-04-09,renewal,411.93
500227,2024-08-17,renewal,473.21
500182,2023-09-09,premium_payment,321.01
500444,2025-04-28,premium_payment,524.89
500139,2022-05-20,premium_payment,339.63
500891,2023-08-20,renewal,547.13
500977,2025-03-29,renewal,1409.53
880002,2025-01-15,renewal,920.0
500443,2022-12-25,premium_payment,522.31
500472,2024-12-15,renewal,321.97
500170,2024-10-12,renewal,432.7
500822,2024-02-26,renewal,749.59
500771,2023-07-22,claim_paid,3935.89
500376,2023-03-08,premium_refund,211.47
500669,2022-05-07,premium_payment,349.6
500481,2022-12-25,renewal,2135.36
500376,2023-12-19,renewal,540.72
500493,2023-02-12,premium_payment,434.89
500369,2024-01-25,premium_payment,300.0
500115,2023-01-21,premium_payment,348.02
500454,2025-05-16,renewal,1661.73
500975,2024-05-10,premium_payment,634.32
500396,2025-03-11,renewal,338.13
500184,2022-12-31,renewal,1587.63
500096,2025-04-28,premium_payment,894.94
500159,2025-05-07,renewal,422.19
500560,2023-08-07,premium_payment,1746.63
500771,2025-05-26,renewal,899.67
500004,2024-02-28,renewal,440.13
500489,2022-02-12,premium_payment,366.74
500139,2025-05-12,renewal,354.75
500675,2022-11-28,renewal,403.91
500135,2024-05-07,renewal,305.45
500189,2024-01-08,premium_payment,300.0
500048,2023-05-29,renewal,400.95
500706,2023-09-21,premium_payment,2587.8
500055,2023-04-07,renewal,607.64
500421,2022-09-14,premium_payment,379.95
500736,2022-08-20,premium_payment,925.82
501078,2024-10-08,renewal,692.69
501041,2025-03-11,renewal,640.49
500764,2025-03-16,claim_paid,13822.41
500844,2023-12-08,renewal,349.54
500584,2025-04-15,renewal,865.08
500052,2023-05-02,renewal,402.8
501120,2023-10-25,premium_payment,1151.63
500325,2025-01-08,claim_paid,6025.68
500750,2024-01-28,claim_paid,2687.2
500737,2025-03-19,renewal,391.74
501055,2022-07-14,premium_payment,686.51
500688,2024-05-14,renewal,1349.77
501111,2024-07-18,renewal,912.14
500594,2022-06-19,premium_payment,752.62
500293,2024-05-20,renewal,295.07
501041,2023-07-28,claim_paid,9089.98
500478,2023-04-04,premium_payment,562.74
500779,2024-01-10,renewal,519.96
500137,2022-06-09,premium_payment,300.0
500261,2022-02-21,premium_payment,931.16
500203,2024-12-26,premium_payment,430.0
500641,2024-01-07,renewal,366.42
500017,2025-01-05,renewal,1116.51
500386,2023-05-12,renewal,555.56
500577,2024-09-02,renewal,1391.28
500471,2022-10-16,premium_payment,455.01
500245,2024-07-27,premium_payment,300.0
500039,2025-04-27,claim_paid,2021.67
500300,2024-05-22,renewal,1741.84
500803,2022-08-08,premium_payment,440.93
500920,2022-04-21,premium_payment,1242.73
501089,2025-04-19,renewal,376.48
500948,2024-07-14,renewal,735.05
501063,2024-12-18,premium_payment,300.0
500354,2024-08-08,claim_paid,3857.29
500932,2022-01-01,premium_payment,484.44
500134,2023-02-18,renewal,1002.15
500632,2024-08-02,renewal,698.62
500242,2024-02-06,renewal,1085.8
500839,2022-04-24,premium_payment,1050.46
500997,2024-06-03,claim_paid,8215.56
500217,2024-11-20,renewal,923.48
500162,2023-06-16,premium_payment,396.52
501020,2023-05-08,premium_payment,1868.72
500734,2024-10-31,claim_paid,7536.08
500122,2023-09-15,premium_payment,332.08
500347,2024-03-23,renewal,367.42
500029,2024-02-02,premium_payment,446.74
500809,2025-01-18,claim_paid,8377.51
500907,2023-11-13,premium_refund,385.55
500025,2025-02-27,claim_paid,8573.77
500176,2024-03-10,premium_payment,300.0
500426,2025-06-01,premium_refund,107.33
500153,2023-09-01,renewal,602.58
500653,2024-12-04,renewal,479.49
500919,2025-02-11,renewal,930.4
500220,2022-12-16,premium_refund,53.16
501031,2023-08-24,premium_payment,843.67
500632,2023-08-06,premium_payment,703.34
500606,2025-04-17,claim_paid,6395.72
500295,2023-05-31,premium_payment,518.53
500667,2024-04-19,renewal,439.8
500893,2024-11-14,renewal,317.4
500947,2024-03-19,premium_payment,1938.24
501072,2023-11-14,renewal,932.99
500958,2024-05-09,renewal,401.6
500121,2022-09-09,premium_payment,497.24
500841,2024-09-07,claim_paid,1691.55
500088,2024-12-12,claim_paid,4147.76
500320,2023-12-17,renewal,610.59
500068,2023-01-25,renewal,446.04
500669,2025-02-13,claim_paid,2196.43
500247,2025-02-23,premium_payment,394.03
500460,2024-03-24,premium_payment,381.51
500754,2024-06-09,premium_payment,1155.95
500168,2023-06-07,premium_payment,729.04
500669,2025-04-29,renewal,343.98
500238,2023-07-16,renewal,469.07
500768,2023-12-31,premium_payment,346.41
500595,2023-06-02,renewal,298.13
501005,2024-11-25,premium_payment,717.63
500590,2024-07-17,renewal,490.83
500433,2024-08-31,renewal,958.97
500083,2024-05-20,premium_payment,300.0
500248,2025-04-08,renewal,418.2
500299,2023-12-19,premium_payment,363.95
500577,2022-09-07,premium_payment,1334.16
500260,2024-07-31,premium_payment,312.59
500230,2023-05-17,claim_paid,3932.97
500136,2025-01-16,renewal,438.93
500264,2025-03-31,renewal,323.82
500971,2025-01-14,premium_payment,555.61
500190,2022-08-05,premium_payment,448.16
500024,2022-07-13,premium_payment,506.41
500257,2024-01-10,renewal,551.99
501033,2024-01-25,renewal,1060.34
500089,2025-02-11,renewal,398.3
500215,2024-07-11,claim_paid,3972.62
500119,2022-09-01,premium_payment,468.38
500346,2022-05-06,premium_payment,592.29
500458,2024-01-08,premium_payment,300.0
501096,2023-02-14,renewal,569.07
500350,2024-07-25,premium_payment,308.85
500365,2022-07-18,premium_payment,476.36
500071,2023-06-27,renewal,1106.81
500551,2024-04-20,premium_payment,486.92
500622,2025-05-05,claim_paid,4882.84
500233,2022-03-26,premium_payment,300.0
500578,2025-05-09,renewal,519.5
500387,2024-12-20,premium_payment,931.67
500449,2025-04-07,claim_paid,4193.74
500109,2023-12-29,renewal,309.15
500222,2024-12-28,renewal,365.99
500172,2023-11-03,premium_payment,932.71
500953,2025-01-15,claim_paid,5691.75
500415,2023-04-09,premium_payment,858.7
501003,2025-04-25,premium_payment,481.1
500977,2024-04-02,renewal,1433.18
500571,2023-11-27,renewal,340.27
500486,2025-02-03,renewal,1245.56
500894,2024-02-27,premium_payment,503.02
500546,2024-02-10,premium_payment,1173.14
500795,2023-01-15,premium_payment,652.25
500009,2024-06-24,renewal,489.59
501064,2023-09-17,renewal,587.27
500777,2022-04-15,premium_payment,885.79
500193,2024-01-21,renewal,411.14
500515,2022-12-19,premium_payment,300.0
500170,2023-10-27,premium_payment,406.32
500643,2023-02-13,claim_paid,8125.09
500927,2024-12-27,renewal,1230.35
500239,2024-06-05,renewal,446.31
500450,2022-12-18,premium_payment,1162.13
501069,2025-05-25,claim_paid,4091.27
500037,2025-05-01,premium_payment,441.1
500423,2023-06-23,renewal,1296.28
500707,2025-03-30,premium_payment,966.51
500740,2024-12-12,renewal,1740.1
501026,2022-10-31,premium_payment,689.41
500384,2025-03-29,renewal,1933.86
500696,2024-12-26,premium_payment,637.39
500834,2023-07-07,premium_payment,444.5
500385,2025-03-10,claim_paid,2508.13
500525,2024-12-14,renewal,434.0
500930,2025-05-07,claim_paid,3645.53
500760,2022-12-29,renewal,351.2
500521,2025-03-22,premium_payment,1179.69
500992,2025-01-04,renewal,488.53
500202,2022-03-19,premium_payment,459.29
500624,2025-02-17,claim_paid,4557.02
500034,2023-03-01,premium_payment,385.0
501096,2025-02-16,renewal,613.84
500393,2024-10-16,renewal,309.62
500621,2024-05-18,premium_payment,1171.15
500788,2022-07-15,premium_payment,428.38
501012,2022-01-21,premium_payment,348.39
500169,2025-02-06,renewal,440.83
500719,2024-01-29,renewal,562.42
500838,2023-03-18,claim_paid,1591.89
500312,2024-09-09,premium_payment,543.2
500635,2024-08-25,premium_payment,387.48
500299,2024-12-08,renewal,378.29
500958,2023-05-14,premium_payment,406.62
500135,2025-05-18,renewal,298.65
500091,2023-09-29,premium_payment,2367.42
500792,2024-05-24,premium_payment,300.0
501122,2022-05-05,premium_payment,1097.05
500508,2024-03-17,premium_payment,570.3
500385,2025-02-17,premium_payment,1486.01
500729,2023-01-12,premium_payment,400.3
500740,2023-12-12,renewal,1700.79
500770,2022-10-23,premium_payment,547.42
500550,2025-03-18,renewal,329.5
500080,2024-12-06,renewal,984.23
500576,2023-12-18,renewal,715.89
500212,2023-12-26,premium_payment,399.16
500397,2024-06-08,renewal,1724.71
500125,2024-05-02,premium_payment,331.34
500429,2025-01-20,claim_paid,4767.09
500695,2022-11-17,premium_payment,957.03
500596,2025-04-04,premium_payment,480.9
500252,2023-10-01,renewal,767.12
500431,2024-09-12,renewal,482.55
500257,2023-04-12,premium_refund,241.96
500519,2024-01-02,renewal,300.96
500004,2024-02-28,renewal,440.13
500902,2023-10-09,premium_payment,1322.59
500293,2022-10-15,claim_paid,3674.46
500784,2024-12-10,renewal,1979.53
500375,2024-01-10,premium_payment,372.25
500198,2022-04-29,premium_payment,300.0
501041,2023-03-13,premium_payment,576.52
500553,2022-10-22,premium_payment,427.19
501116,2024-10-23,renewal,1310.28
501001,2025-04-28,claim_paid,2926.94
500808,2022-06-19,premium_payment,843.95
500131,2025-01-13,renewal,1310.11
500258,2024-01-03,premium_refund,98.14
500475,2022-01-16,premium_payment,1164.53
500900,2024-09-17,premium_refund,127.84
500476,2024-05-18,renewal,656.07
500988,2023-07-20,renewal,886.11
500188,2024-09-05,premium_payment,579.48
500238,2022-07-24,premium_payment,440.03
500457,2024-02-02,renewal,1053.13
500616,2023-03-06,premium_payment,570.58
500939,2022-04-30,premium_payment,508.49
500476,2023-05-23,premium_payment,649.38
501044,2024-06-18,renewal,691.19
500606,2025-03-06,premium_payment,300.0
500821,2024-08-25,renewal,325.79
500708,2024-03-12,premium_payment,346.84
500996,2023-01-30,renewal,743.57
500668,2024-12-02,renewal,624.64
500246,2024-09-21,claim_paid,5577.63
500945,2023-08-21,premium_refund,182.55
500905,2025-01-19,renewal,1656.02
501004,2022-08-08,premium_payment,453.05
500252,2022-10-09,premium_payment,700.12
500157,2024-06-25,claim_paid,5302.63
500041,2022-04-01,premium_payment,404.3
501114,2024-07-27,claim_paid,10089.02
500920,2024-04-11,renewal,1330.39
500487,2023-10-26,premium_payment,356.66
500984,2023-04-10,renewal,306.26
500304,2023-04-23,renewal,407.29
500939,2024-04-28,renewal,529.69
500156,2023-02-01,renewal,472.4
500628,2024-10-12,premium_payment,357.88
501111,2023-07-28,renewal,1010.85
500753,2022-11-20,premium_payment,904.64
500594,2023-06-04,renewal,781.65
500961,2024-01-30,premium_payment,394.76
501070,2021-12-14,premium_payment,894.53
501065,2024-08-19,premium_payment,491.34
500934,2023-03-30,renewal,329.4
500199,2024-07-21,renewal,574.81
500397,2022-06-14,premium_payment,1702.08
500616,2025-02-27,renewal,588.05
500015,2023-10-28,premium_payment,560.51
500423,2024-06-15,renewal,1187.8
500829,2025-03-18,claim_paid,2790.29
500651,2023-11-21,premium_payment,449.67
500016,2022-07-01,premium_payment,956.15
500919,2022-02-18,premium_payment,883.53
500072,2024-04-13,claim_paid,8932.23
500881,2023-08-11,premium_payment,398.74
500512,2024-06-25,renewal,1371.25
500626,2023-04-19,premium_payment,300.0
500278,2023-04-22,premium_refund,116.56
500638,2023-11-09,renewal,1411.61
500255,2025-05-20,renewal,395.64
500728,2022-04-21,premium_payment,1669.62
500543,2023-11-27,renewal,332.85
500388,2023-06-06,premium_payment,444.89
500344,2023-06-12,premium_payment,445.48
500070,2024-02-18,claim_paid,1685.53
500511,2023-03-06,premium_payment,866.13
500548,2025-01-07,claim_paid,4469.45
500024,2024-06-27,renewal,513.07
500372,2025-04-18,renewal,368.45
500731,2024-09-30,premium_payment,1596.83
501089,2023-05-03,premium_payment,367.39
500454,2024-05-10,renewal,1719.41
500878,2024-12-29,renewal,1828.06
500881,2024-08-10,renewal,427.86
500911,2025-04-12,premium_payment,1569.42
500462,2025-02-26,renewal,708.96
500021,2022-04-23,premium_payment,386.82
501019,2024-12-24,premium_payment,424.88
500222,2024-01-03,premium_payment,371.66
500329,2024-10-03,renewal,322.74
500655,2024-01-27,claim_paid,6793.1
500672,2024-01-09,renewal,384.9
500661,2025-04-27,renewal,459.23
500510,2025-01-12,premium_payment,502.64
500008,2023-02-09,renewal,353.15
500927,2022-12-14,renewal,1288.05
500339,2024-06-03,renewal,478.6
501057,2025-03-15,renewal,647.85
501007,2022-02-24,premium_payment,546.51
500469,2024-09-29,renewal,561.86
500921,2024-04-06,renewal,1067.95
500828,2024-11-30,renewal,485.56
500545,2023-02-26,premium_payment,513.07
500613,2025-05-09,renewal,420.71
500557,2024-11-05,premium_payment,1131.81
500699,2024-05-03,renewal,598.33
500502,2023-12-26,renewal,461.75
500418,2023-05-24,premium_payment,473.07
500551,2025-04-08,renewal,506.75
500178,2023-08-25,renewal,322.32
500257,2025-01-16,renewal,526.33
500412,2022-09-28,premium_refund,185.5
500307,2022-01-16,premium_payment,1151.21
500191,2023-02-28,renewal,485.21
500131,2023-01-17,premium_payment,1211.87
500885,2023-12-01,premium_payment,528.29
501105,2024-05-03,premium_payment,416.97
500920,2023-08-24,claim_paid,4588.15
500502,2023-10-14,claim_paid,2386.52
500002,2023-04-22,premium_payment,1280.01
500254,2022-12-31,premium_payment,451.16
500852,2024-07-14,renewal,900.36
500152,2023-04-13,premium_payment,400.82
500874,2025-01-30,premium_refund,113.78
500402,2024-12-08,renewal,461.31
500115,2025-01-07,renewal,360.02
500167,2023-04-21,premium_payment,359.5
500120,2023-12-16,premium_payment,501.19
500304,2022-04-24,premium_payment,371.95
500951,2023-12-26,renewal,518.52
500104,2024-07-08,premium_payment,681.75
500956,2025-04-04,premium_payment,677.12
500208,2024-04-22,premium_payment,517.73
500562,2023-05-13,premium_payment,730.26
500569,2023-12-26,renewal,501.97
500742,2024-03-26,renewal,728.57
500681,2025-01-17,renewal,452.34
500639,2025-02-20,renewal,397.69
500617,2025-05-01,renewal,639.92
500107,2024-07-02,premium_payment,424.24
500183,2024-11-11,renewal,1119.82
500807,2024-06-11,premium_payment,2449.35
500513,2024-04-21,renewal,1392.29
500783,2022-05-28,premium_payment,892.17
500138,2022-07-22,premium_payment,526.75
500388,2024-05-23,renewal,472.77
500488,2023-04-19,premium_payment,357.18
501094,2025-01-10,claim_paid,11431.62
500008,2022-02-19,premium_payment,9999999.0
501117,2024-07-30,renewal,958.7
500314,2023-12-13,renewal,828.6
500996,2022-02-14,premium_payment,744.22
500427,2023-03-12,renewal,832.34
500948,2023-07-07,renewal,761.58
500912,2025-02-14,renewal,432.33
500161,2025-04-12,renewal,322.34
500662,2024-09-14,premium_payment,511.9
500077,2025-05-05,renewal,1173.73
500428,2024-02-17,renewal,552.91
501115,2024-07-15,renewal,770.64
500513,2025-04-25,renewal,1276.16
500582,2024-11-04,renewal,655.53
500554,2025-02-16,renewal,477.95
500483,2023-12-17,premium_refund,627.85
500079,2023-05-02,renewal,304.6
500272,2023-07-30,renewal,758.91
500922,2024-05-06,renewal,594.9
500506,2022-08-12,premium_payment,347.08
500687,2024-05-29,premium_payment,1702.89
500270,2023-03-28,premium_payment,492.5
501026,2023-10-31,renewal,750.55
500432,2023-04-17,premium_payment,374.09
500406,2024-08-18,renewal,538.65
500165,2023-08-23,renewal,573.82
500639,2024-02-20,renewal,364.33
500261,2024-02-16,renewal,954.46
500317,2025-04-26,renewal,593.05
500882,2022-10-10,premium_payment,736.36
500299,2024-09-22,claim_paid,6837.33
500788,2023-07-13,renewal,446.37
500060,2024-11-10,renewal,1092.29
500275,2025-05-25,claim_paid,2175.56
500148,2024-04-23,renewal,363.43
500701,2024-10-07,renewal,1268.9
500857,2024-06-15,premium_payment,1241.51
500479,2024-08-19,renewal,346.74
500848,2024-02-27,premium_payment,308.44
500850,2024-06-29,premium_payment,1318.28
500310,2024-01-14,premium_payment,550.2
500452,2024-02-01,renewal,475.26
500932,2024-12-31,renewal,521.54
500681,2023-02-02,premium_payment,412.6
501038,2024-12-19,renewal,973.54
500481,2022-01-08,premium_payment,1947.97
500204,2025-03-16,premium_refund,181.46
500527,2023-03-11,premium_payment,696.47
500648,2024-03-29,renewal,618.47
501118,2023-10-31,premium_payment,1352.63
500885,2024-01-22,premium_refund,179.28
500477,2024-11-02,renewal,531.86
501016,2024-07-04,premium_payment,580.64
500151,2025-04-16,premium_payment,449.3
500800,2022-04-02,premium_payment,1567.74
501036,2023-04-29,premium_payment,378.76
500605,2025-02-06,renewal,1494.05
500559,2023-01-15,premium_payment,623.74
501000,2024-11-07,renewal,463.08
500361,2022-01-29,premium_payment,427.22
500462,2022-03-09,premium_payment,713.36
500122,2024-09-13,renewal,331.93
500841,2024-03-15,renewal,304.13
500378,2023-12-17,renewal,412.06
500046,2024-10-13,premium_payment,534.16
500730,2023-05-16,renewal,305.21
500049,2022-07-02,premium_payment,854.35
500615,2024-05-13,premium_payment,1777.45
501125,2023-09-30,renewal,1764.92
500852,2022-07-23,premium_payment,909.51
500989,2023-08-23,renewal,368.32
500992,2024-01-12,premium_payment,456.2
500651,2024-11-07,renewal,458.06
500815,2024-07-11,renewal,320.29
500882,2024-10-06,renewal,802.7
500728,2024-04-07,renewal,1685.04
500710,2024-05-07,premium_payment,480.65
500311,2023-05-18,renewal,725.66
500029,2025-01-25,renewal,446.4
500858,2022-10-12,premium_payment,584.78
501086,2021-12-14,premium_payment,346.19
500211,2023-10-20,renewal,501.88
500790,2024-05-24,premium_payment,898.63
500672,2022-01-22,premium_payment,375.45
501116,2023-11-06,premium_payment,1299.14
500504,2024-12-15,claim_paid,4561.47
500921,2023-05-17,premium_refund,306.54
501104,2025-01-23,claim_paid,10878.79
500180,2024-04-23,renewal,355.92
500333,2025-02-12,premium_payment,454.96
500649,2023-05-28,renewal,1491.63
501034,2025-04-28,renewal,565.5
501035,2025-04-19,renewal,348.09
500841,2025-03-06,renewal,300.57
501009,2022-12-14,premium_payment,705.74
500325,2024-11-09,premium_payment,517.48
500356,2025-02-12,renewal,311.77
501042,2024-09-11,claim_paid,4801.8
500625,2024-09-06,renewal,858.36
500936,2025-02-09,renewal,1725.92
500675,2024-12-11,renewal,440.3
500066,2023-08-13,renewal,401.76
501068,2024-03-24,renewal,520.7
500891,2024-08-11,renewal,498.69
500677,2024-08-27,premium_payment,330.95
500301,2024-11-14,premium_payment,388.65
500361,2024-01-24,renewal,434.53
500838,2022-10-21,premium_payment,433.45
500680,2023-05-18,premium_payment,439.05
500815,2023-07-14,premium_payment,300.0
500305,2023-11-06,premium_payment,300.0
500995,2023-10-01,premium_refund,152.26
500400,2024-07-22,premium_payment,547.87
500393,2023-10-09,renewal,331.88
500200,2022-12-25,premium_payment,344.69
500703,2023-12-22,renewal,577.56
500854,2024-02-24,renewal,1064.91
500583,2024-12-25,premium_payment,457.36
500072,2023-12-14,renewal,406.57
500319,2025-04-01,renewal,489.52
500747,2023-05-16,renewal,1303.29
500567,2022-04-26,premium_payment,807.6
500011,2022-12-27,premium_payment,756.3
500722,2023-09-04,renewal,456.6
501089,2024-04-24,renewal,394.43
500433,2023-09-14,premium_payment,963.53
500506,2023-08-09,renewal,371.75
500452,2025-01-26,renewal,480.79
500771,2024-05-20,renewal,991.09
500875,2023-12-09,claim_paid,2521.75
501110,2022-03-11,premium_payment,539.99
500016,2024-06-25,renewal,949.67
500860,2023-01-03,premium_payment,524.4
500773,2023-04-14,renewal,333.61
500882,2023-10-06,renewal,814.74
500653,2023-07-25,claim_paid,3242.23
500599,2023-01-06,premium_payment,729.88
500267,2025-04-07,premium_payment,386.96
500488,2024-04-10,renewal,357.32
500011,2024-12-14,renewal,756.48
500194,2022-06-15,premium_payment,793.81
500645,2024-03-03,premium_payment,350.42
500747,2024-05-08,renewal,1439.87
500217,2023-12-06,premium_payment,874.9
500542,2024-07-01,renewal,320.93
500563,2023-01-20,premium_payment,375.06
501093,2023-06-17,premium_payment,384.94
500564,2024-11-07,renewal,701.96
500101,2022-09-26,premium_payment,447.95
500244,2022-09-24,claim_paid,4302.89
500231,2022-03-27,premium_payment,534.17
500789,2023-09-18,renewal,556.29
500530,2025-04-22,renewal,533.17
500490,2023-07-27,premium_payment,518.23
500314,2022-12-14,premium_payment,784.53
500321,2021-12-13,premium_payment,308.87
500994,2024-06-02,premium_payment,384.16
500023,2025-03-03,premium_refund,65.59
500277,2024-12-05,renewal,425.09
500508,2024-07-10,premium_refund,144.27
500781,2023-02-17,renewal,1157.35
500261,2023-02-20,renewal,974.04
500564,2023-11-08,renewal,740.79
500982,2023-09-22,renewal,533.31
500409,2023-06-01,premium_payment,300.0
501051,2024-10-13,premium_payment,395.59
500539,2024-08-28,premium_payment,399.02
500393,2022-10-20,premium_payment,300.0
500553,2023-10-10,renewal,444.33
500905,2022-03-09,premium_refund,593.43
501084,2022-03-11,premium_payment,568.61
500903,2023-01-02,premium_payment,494.1
500672,2025-01-07,renewal,415.07
501119,2024-02-22,premium_payment,1061.65
500900,2024-07-15,premium_payment,541.55
500307,2024-01-02,renewal,1228.06
500446,2023-08-12,renewal,447.05
500326,2022-08-29,premium_payment,342.38
500875,2024-10-12,renewal,753.36
500936,2022-02-15,premium_payment,1546.4
500227,2023-08-30,premium_payment,442.2
500036,2023-07-01,premium_payment,522.37
500997,2022-02-07,premium_payment,442.94
500566,2023-07-02,premium_payment,556.44
500397,2023-05-31,renewal,1795.84
501040,2025-04-22,premium_payment,460.57
500868,2024-03-03,premium_payment,331.92
500067,2024-11-14,premium_payment,400.73
500341,2024-05-19,renewal,717.46
500147,2023-02-23,renewal,316.09
500004,2022-03-13,premium_payment,0.0
500411,2023-10-21,premium_payment,1140.27
500756,2023-05-26,renewal,2051.67
500320,2024-12-25,renewal,549.63
500395,2025-04-06,renewal,505.38
500205,2024-08-21,renewal,1117.35
500077,2024-05-19,premium_payment,1136.44
500071,2022-10-22,premium_refund,548.04
500198,2022-07-21,premium_refund,143.98
500215,2025-03-20,renewal,718.52
500664,2023-07-15,premium_payment,617.85
500491,2025-05-12,renewal,725.99
500567,2023-04-17,renewal,898.5
500806,2025-03-26,premium_payment,514.22
500480,2025-03-14,premium_payment,508.77
501073,2025-04-19,renewal,359.26
500624,2024-03-25,renewal,1571.88
501035,2024-04-08,renewal,345.07
500818,2024-12-12,claim_paid,9805.39
500702,2022-09-07,premium_payment,387.39
500963,2022-08-15,premium_payment,2052.57
500884,2024-04-22,renewal,762.47
500823,2023-08-06,premium_payment,429.01
500854,2023-03-01,premium_payment,999.48
500146,2024-06-23,premium_payment,300.0
500195,2023-01-05,premium_payment,821.66
500805,2024-09-25,premium_payment,732.63
501058,2023-05-03,premium_payment,664.06
500365,2023-07-11,renewal,486.51
500897,2024-11-11,premium_payment,741.23
500719,2023-01-29,premium_payment,546.11
500610,2023-12-04,premium_payment,655.16
500518,2022-04-12,premium_payment,1136.17
500623,2024-08-26,renewal,658.41
500039,2024-09-21,premium_payment,798.06
500605,2024-02-04,renewal,1345.73
501104,2024-11-13,premium_payment,351.15
500342,2024-05-11,renewal,407.7
501069,2023-09-05,premium_payment,492.87
500022,2022-11-14,premium_payment,443.91
500892,2021-12-10,premium_payment,977.98
500556,2024-07-21,premium_payment,359.13
500919,2023-02-14,renewal,961.82
501039,2024-11-03,renewal,311.83
500537,2025-04-24,claim_paid,6750.43
500051,2024-02-08,premium_payment,363.55
501058,2025-04-29,renewal,691.98
500429,2023-05-06,premium_payment,463.26
500221,2022-06-04,premium_payment,331.44
500743,2024-09-13,renewal,322.6
500439,2025-01-22,renewal,323.03
500515,2024-12-08,renewal,327.26
500601,2024-07-31,renewal,574.23
500259,2025-01-27,premium_payment,470.26
500338,2025-03-24,claim_paid,7031.59
500008,2024-02-04,renewal,384.64
500454,2023-05-17,premium_payment,1581.3
500624,2025-03-13,renewal,1535.11
500925,2024-10-26,premium_payment,487.91
500128,2022-11-27,premium_refund,60.91
500189,2024-12-27,renewal,309.9
500574,2022-11-10,premium_payment,626.26
501058,2025-02-13,claim_paid,4527.87
500292,2022-08-02,premium_payment,531.91
500012,2024-12-31,claim_paid,16285.63
500578,2022-05-10,premium_payment,471.89
500314,2024-12-06,renewal,793.58
500414,2023-05-10,premium_payment,437.18
500888,2024-11-19,renewal,356.28
500093,2024-01-07,renewal,369.71
500852,2023-07-10,renewal,892.61
500502,2024-12-15,renewal,483.44
500145,2024-12-26,premium_payment,565.18
500248,2024-04-09,renewal,426.4
500597,2024-01-06,premium_payment,650.03
500469,2025-01-01,claim_paid,1729.39
500876,2025-01-30,premium_payment,302.64
500152,2025-04-08,renewal,448.03
500066,2022-08-22,premium_payment,368.83
500881,2024-01-14,claim_paid,4736.51
500908,2023-01-15,renewal,442.44
500478,2025-03-25,renewal,595.03
500372,2024-04-22,renewal,376.7
500419,2025-04-30,renewal,612.29
500463,2023-02-24,premium_payment,451.65
500068,2022-04-22,premium_refund,184.53
500789,2024-09-16,renewal,503.13
500999,2024-04-23,premium_payment,1871.29
500436,2024-08-26,premium_payment,481.91
500883,2022-09-19,premium_payment,327.6
501027,2025-02-26,claim_paid,1833.92
500884,2023-04-22,renewal,701.4
500995,2023-08-22,premium_payment,794.13
501064,2022-09-27,premium_payment,530.02
500518,2024-04-04,renewal,1209.15
501007,2024-02-13,renewal,589.61
501060,2024-09-11,premium_payment,769.41
500733,2024-04-06,premium_refund,219.98
500701,2023-10-10,premium_payment,1196.37
500851,2024-08-10,renewal,783.51
500382,2023-12-11,premium_payment,300.0
501011,2022-12-05,premium_payment,497.76
500408,2025-03-28,premium_payment,647.45
501013,2023-08-14,premium_payment,387.04
500155,2024-09-19,premium_payment,463.86
501034,2024-04-22,renewal,558.86
501121,2023-01-16,premium_payment,434.39
500671,2025-04-30,premium_payment,300.0
500171,2024-06-05,renewal,556.41
500747,2025-05-01,renewal,1429.09
500777,2024-04-08,renewal,986.91
500103,2024-06-05,renewal,897.1
500706,2024-09-11,renewal,2814.4
500407,2024-03-10,premium_payment,387.61
501124,2024-05-07,renewal,1168.85
500138,2024-07-11,renewal,548.58
500630,2024-09-04,premium_payment,361.36
501103,2024-09-09,premium_payment,418.61
500722,2022-09-14,premium_payment,441.24
500576,2021-12-21,premium_payment,700.1
500420,2023-10-16,renewal,2055.14
500627,2023-08-16,renewal,701.68
500289,2024-12-03,renewal,467.62
500406,2022-12-10,premium_refund,158.22
500165,2022-09-02,premium_payment,536.37
500250,2023-11-26,claim_paid,2614.43
500447,2023-09-10,premium_payment,301.93
500363,2024-08-14,renewal,335.69
500427,2024-03-07,renewal,823.51
500914,2024-02-25,renewal,2076.13
501034,2023-04-30,premium_payment,542.05
500968,2024-03-06,premium_payment,300.0
500810,2024-05-19,renewal,696.58
500360,2023-01-03,premium_payment,1392.72
500617,2024-05-01,premium_payment,628.35
500342,2025-05-13,renewal,421.77
500570,2024-11-07,renewal,944.29
500720,2024-04-28,renewal,755.5
501080,2023-11-10,premium_payment,379.14
500457,2022-02-09,premium_payment,1009.0
501059,2023-12-15,claim_paid,3466.88
500441,2023-08-04,premium_payment,545.67
500605,2022-02-16,premium_payment,1334.71
500811,2024-06-17,renewal,2274.04
500935,2024-05-23,premium_payment,829.45
500846,2024-12-25,premium_payment,347.02
500057,2024-03-03,premium_payment,300.0
500386,2022-05-12,premium_payment,518.33
500999,2025-04-23,renewal,2056.25
500579,2024-11-12,renewal,411.69
500438,2025-03-05,renewal,641.81
500159,2022-05-22,premium_payment,386.79
500437,2023-01-15,premium_payment,499.47
500642,2025-04-20,renewal,1725.62
500298,2023-04-30,renewal,308.54
500364,2023-02-08,renewal,316.69
500005,2023-09-27,renewal,448.25
500428,2023-02-26,premium_payment,550.13
500531,2023-11-18,premium_payment,1729.85
500954,2022-07-14,premium_payment,412.12
500063,2024-11-11,premium_payment,839.59
500094,2024-11-21,renewal,587.84
500927,2021-12-29,premium_payment,1174.27
500861,2023-11-26,premium_payment,975.66
500997,2025-01-23,renewal,465.19
500808,2023-06-15,renewal,899.17
500686,2023-08-29,premium_refund,75.3
500010,2023-04-26,renewal,533.14
500311,2022-05-18,premium_payment,684.98
500498,2023-11-04,claim_paid,2554.48
500695,2024-11-04,renewal,1050.65
500380,2025-05-05,renewal,407.6
500692,2023-10-27,premium_payment,640.86
500005,2022-10-02,premium_payment,415.54
501112,2023-08-09,renewal,591.66
501066,2023-07-23,premium_payment,387.62
500804,2023-01-29,premium_payment,458.27
500568,2025-01-03,renewal,535.05
500330,2024-12-07,premium_payment,413.62
500274,2024-10-10,renewal,818.96
500932,2022-12-30,renewal,523.38
500694,2023-01-31,premium_payment,300.0
500058,2024-09-13,renewal,363.24
500370,2025-03-20,renewal,373.63
500143,2024-09-11,premium_payment,300.0
501085,2024-09-15,renewal,400.95
500682,2023-10-10,premium_payment,618.75
500554,2023-03-29,premium_refund,137.3
501094,2023-07-05,premium_payment,504.64
500007,2023-02-13,premium_payment,417.47
500412,2024-07-26,renewal,365.14
500093,2025-01-06,renewal,381.06
500772,2022-08-08,premium_payment,329.37
500904,2024-10-02,renewal,458.5
500509,2022-08-08,premium_payment,799.56
500783,2024-08-16,claim_paid,3737.47
500738,2024-08-22,renewal,453.94
500378,2022-12-30,premium_payment,390.84
500228,2024-08-05,renewal,477.26
500666,2023-02-18,premium_payment,349.16
500262,2025-03-10,renewal,518.0
500081,2025-04-16,renewal,333.54
500552,2024-08-05,claim_paid,4019.76
500129,2024-10-19,premium_refund,207.91
500413,2024-07-28,claim_paid,10359.9
501062,2025-03-19,renewal,442.17
500872,2024-04-21,premium_payment,1064.06
501074,2022-08-17,premium_payment,344.83
500483,2024-11-15,renewal,1473.49
500744,2022-12-15,premium_payment,589.57
500244,2024-05-19,renewal,406.11
500069,2024-12-25,premium_payment,357.91
500185,2025-01-26,claim_paid,5261.91
500401,2025-04-01,premium_payment,698.39
500779,2025-01-09,renewal,469.29
500208,2024-08-05,premium_refund,56.69
500826,2023-07-10,renewal,739.74
500992,2024-03-02,premium_refund,99.15
500658,2025-04-23,premium_payment,989.56
500638,2022-11-10,premium_payment,1263.18
500245,2024-10-26,premium_refund,135.85
500518,2023-04-04,renewal,1153.6
500173,2024-05-24,renewal,482.65
500255,2024-05-22,renewal,445.94
501045,2024-12-11,premium_payment,342.31
500914,2025-02-28,renewal,2074.43
501024,2024-11-11,renewal,313.15
500362,2023-08-10,premium_payment,434.13
501079,2023-12-10,renewal,629.76
500438,2024-03-09,premium_payment,600.7
500538,2025-01-14,claim_paid,927.78
501067,2024-05-30,claim_paid,3405.15
500290,2023-12-26,renewal,318.98
500996,2025-02-06,renewal,734.51
500064,2025-05-23,claim_paid,2992.84
500981,2022-07-11,premium_payment,507.99
500873,2023-06-26,premium_payment,587.83
500186,2024-08-21,renewal,530.94
500354,2023-12-15,premium_payment,452.43
500901,2023-11-26,renewal,1172.85
500271,2022-07-25,premium_payment,1288.02
500569,2024-12-23,renewal,479.0
500131,2023-08-18,claim_paid,4177.39
500179,2023-07-21,premium_payment,344.99
500040,2023-09-18,premium_payment,354.22
500924,2025-04-28,premium_payment,1563.44
501112,2024-08-06,renewal,592.71
500059,2023-04-26,renewal,367.82
500761,2025-04-12,premium_payment,329.93
500739,2024-09-06,premium_payment,425.01
500791,2024-12-10,renewal,496.73
500605,2023-02-10,renewal,1386.04
500928,2022-03-01,premium_payment,1856.2
500978,2023-11-19,renewal,325.04
500511,2025-02-20,renewal,953.82
500316,2025-02-16,premium_payment,482.17
500568,2024-01-18,premium_payment,516.81
500841,2023-03-20,renewal,322.38
500118,2024-10-31,premium_payment,300.0
500847,2023-04-18,renewal,313.15
500933,2025-02-07,renewal,1060.21
500593,2023-05-01,renewal,503.35
501008,2022-07-05,premium_payment,431.54
500398,2025-04-23,claim_paid,7580.73
500767,2023-01-23,renewal,374.18
500570,2023-11-22,premium_payment,925.91
500961,2025-01-21,renewal,405.4
501082,2023-08-17,premium_payment,300.0
500258,2024-10-28,renewal,321.25
500756,2022-06-05,premium_payment,1952.85
500002,2024-04-19,renewal,1367.6
500166,2025-04-22,renewal,512.09
500148,2023-05-03,renewal,375.47
500968,2025-02-19,renewal,333.41
501061,2025-03-09,renewal,348.42
500689,2024-08-31,premium_payment,509.38
500482,2024-10-10,claim_paid,16540.28
500745,2025-03-26,renewal,672.19
500623,2022-09-09,premium_payment,641.97
500734,2025-04-04,renewal,566.88
500396,2024-03-21,premium_payment,303.06
500342,2023-05-17,premium_payment,413.66
501073,2024-05-03,premium_payment,326.01
500147,2022-03-07,premium_payment,314.22
500945,2024-05-19,renewal,497.1
500578,2023-05-10,renewal,499.42
500141,2022-05-17,premium_payment,736.18
500698,2024-06-14,renewal,1234.9
500718,2022-01-10,premium_payment,476.24
500920,2025-04-14,renewal,1294.53
500005,2024-09-20,renewal,433.93
500390,2022-12-20,premium_payment,399.1
500073,2025-01-10,renewal,555.21
500721,2025-04-07,claim_paid,4519.85
500112,2025-01-29,premium_payment,345.33
500888,2023-11-08,renewal,370.29
500300,2023-05-23,renewal,1903.84
500391,2025-04-25,claim_paid,17240.24
501027,2023-08-31,renewal,448.81
500110,2024-08-29,premium_payment,300.0
500370,2023-06-23,premium_refund,69.69
501040,2025-05-29,claim_paid,2568.22
500062,2024-01-17,premium_payment,675.39
500674,2025-02-27,premium_payment,300.0
500140,2024-06-18,renewal,562.97
500286,2024-03-25,renewal,1160.21
501115,2022-07-18,premium_payment,747.31
500867,2022-12-06,premium_payment,300.0
500248,2022-04-13,premium_payment,396.22
500062,2025-01-14,renewal,688.66
500050,2024-08-01,renewal,321.26
500237,2023-03-01,renewal,366.87
500097,2023-09-23,renewal,420.07
500315,2024-12-12,premium_payment,806.25
501049,2024-10-27,renewal,657.85
500960,2024-11-05,claim_paid,2328.11
500619,2022-10-24,premium_payment,1328.63
500144,2024-10-17,claim_paid,9111.28
500875,2022-10-20,premium_payment,717.43
500571,2024-12-05,renewal,320.49
500912,2024-02-10,renewal,476.62
500629,2025-02-06,premium_payment,503.0
500811,2022-06-27,premium_payment,2195.83
501015,2024-12-04,premium_payment,1665.62
500311,2025-05-08,renewal,736.62
500371,2024-06-20,renewal,371.55
500081,2023-04-11,renewal,325.92
500633,2023-02-18,premium_payment,303.22
500253,2024-04-05,premium_payment,396.85
500412,2023-08-08,renewal,375.56
500221,2024-05-25,renewal,362.06
500702,2023-08-25,renewal,413.42
500862,2024-10-26,premium_payment,562.2
500856,2023-08-09,renewal,1092.58
500282,2025-04-16,premium_payment,398.95
500002,2024-04-19,renewal,1367.6
500908,2022-01-26,premium_payment,400.63
500205,2023-08-18,renewal,1061.89
500579,2022-11-21,premium_payment,413.12
500003,2024-07-06,premium_payment,587.54
500538,2024-02-28,premium_payment,496.29
500399,2023-08-21,renewal,906.57
500244,2022-05-27,premium_payment,382.93
500098,2024-04-19,renewal,336.41
500461,2023-10-25,renewal,1178.56
500242,2023-02-19,premium_payment,986.66
500103,2023-06-02,renewal,908.88
500390,2023-12-12,renewal,399.89
500836,2024-10-04,renewal,1344.74
500501,2024-08-21,premium_payment,305.58
500877,2024-09-09,renewal,1002.06
500934,2024-03-24,renewal,315.78
500980,2024-05-05,renewal,932.75
500800,2023-10-11,claim_paid,3834.44
500863,2025-03-01,claim_paid,4122.89
500370,2024-03-20,renewal,404.27
500593,2024-05-02,renewal,473.66
500949,2024-11-06,renewal,1138.16
500849,2023-10-28,premium_payment,300.0
500659,2024-02-15,renewal,1975.88
500690,2024-11-30,premium_payment,300.0
501050,2023-02-16,renewal,333.98
500124,2023-03-06,premium_payment,377.3
500289,2023-01-12,premium_refund,60.2
500873,2024-06-11,renewal,655.5
500952,2023-11-11,claim_paid,5219.61
501066,2024-07-11,renewal,419.07
500760,2025-01-05,renewal,355.29
501032,2025-02-28,premium_payment,346.51
500139,2023-05-12,renewal,375.14
500634,2024-11-16,renewal,2289.72
500760,2022-01-06,premium_payment,337.27
500578,2024-04-24,renewal,510.13
500892,2022-11-26,renewal,1069.71
500300,2025-05-21,renewal,1710.63
500665,2023-05-11,renewal,1012.33
500269,2023-12-14,premium_payment,300.0
500187,2025-05-13,renewal,497.6
500675,2023-12-01,renewal,422.28
500261,2025-02-16,renewal,944.43
501121,2024-01-02,renewal,483.37
500601,2022-08-12,premium_payment,555.81
500273,2024-03-02,renewal,732.75
500860,2023-10-14,claim_paid,5313.63
500647,2022-03-17,premium_payment,643.72
500773,2022-04-25,premium_payment,316.14
500098,2023-04-25,renewal,377.48
500823,2024-07-29,renewal,426.52
500504,2023-10-02,renewal,559.38
500049,2023-06-17,renewal,893.4
500808,2022-07-08,premium_refund,226.12
500027,2022-02-22,premium_payment,300.0
500612,2024-03-15,premium_payment,1460.59
501018,2023-07-17,premium_payment,362.54
500010,2025-04-29,renewal,541.96
500532,2024-11-02,premium_payment,621.03
500934,2022-04-02,premium_payment,300.0
500065,2022-11-01,premium_payment,401.16
500238,2024-07-17,renewal,455.79
500358,2025-02-11,renewal,295.81
500826,2024-07-01,renewal,738.79
500648,2023-04-03,premium_payment,597.55
500038,2024-11-25,claim_paid,7705.27
500541,2023-07-26,premium_payment,491.91
500933,2023-02-14,premium_payment,1002.19
500924,2025-06-01,premium_refund,208.75
500870,2023-04-23,premium_payment,649.82
500889,2022-04-16,premium_payment,1493.66
500212,2024-04-08,premium_refund,160.63
500714,2024-11-09,renewal,1140.05
501002,2025-01-07,premium_payment,394.94
501077,2025-04-09,premium_payment,991.88
500323,2024-10-23,renewal,499.92
500842,2025-04-04,premium_payment,503.0
500987,2023-01-25,renewal,570.86
501114,2024-03-30,premium_payment,431.72
500830,2022-12-15,premium_refund,288.6
500765,2025-01-25,renewal,349.61
500161,2024-04-24,renewal,323.13
500328,2022-07-09,premium_payment,680.94
500847,2025-04-27,renewal,335.3
500709,2024-12-14,renewal,614.52
500448,2022-05-17,premium_payment,1299.96
500449,2023-10-09,premium_payment,963.41
500384,2024-03-31,premium_payment,1744.02
500576,2024-12-08,renewal,781.07
500930,2025-01-17,premium_payment,830.14
500792,2025-05-21,renewal,294.1
500290,2024-12-25,renewal,320.95
500161,2022-07-28,premium_refund,79.08
500990,2024-03-31,renewal,477.24
500535,2022-11-27,premium_payment,573.49
500033,2024-12-27,premium_payment,352.38
500011,2023-12-12,renewal,793.48
500207,2023-05-07,renewal,834.99
500232,2025-04-27,renewal,436.06
500317,2024-05-09,premium_payment,593.25
500022,2023-03-09,claim_paid,3940.45
500279,2025-01-21,renewal,1428.32
500134,2025-02-14,renewal,983.46
500313,2024-10-04,renewal,1142.91
500980,2023-05-11,premium_payment,870.08
500552,2024-06-14,renewal,886.1
500274,2022-10-14,premium_payment,742.84
500004,2023-03-08,renewal,425.09
500553,2024-10-11,renewal,473.23
500356,2022-02-14,premium_payment,300.0
500456,2022-09-07,premium_payment,300.0
500149,2022-10-12,premium_payment,941.73
500685,2023-11-15,premium_payment,594.66
500019,2023-11-30,premium_payment,452.95
500969,2025-03-16,renewal,2424.1
500048,2024-05-31,renewal,438.59
500156,2024-01-26,renewal,457.65
500467,2023-01-19,premium_payment,2026.44
500102,2022-09-16,premium_payment,361.93
500093,2023-01-18,premium_payment,344.09
500491,2023-03-20,claim_paid,19389.17
500976,2024-02-28,premium_payment,790.63
500839,2023-04-18,renewal,1111.25
500351,2025-01-27,premium_payment,425.52
500473,2025-04-16,renewal,445.96
500791,2023-12-14,premium_payment,461.07
500755,2024-09-22,premium_payment,377.86
500867,2023-07-29,claim_paid,3829.78
500828,2024-01-25,claim_paid,4619.23
501000,2023-11-21,premium_payment,465.56
500154,2024-12-09,premium_payment,354.52
500231,2025-03-12,renewal,593.97
500100,2022-04-19,premium_payment,1234.36
500281,2025-02-22,renewal,1041.03
500663,2024-02-07,renewal,504.57
500979,2023-11-01,renewal,312.13
500616,2024-03-02,renewal,620.97
500237,2025-02-23,renewal,358.5
500905,2022-01-26,premium_payment,1564.2
500979,2024-10-21,renewal,310.24
500264,2024-04-11,renewal,328.42
500644,2023-11-01,renewal,792.43
500887,2025-03-20,renewal,644.29
500781,2024-02-11,renewal,1076.0
500615,2025-04-30,renewal,1968.13
500464,2024-04-23,renewal,679.38
500922,2024-04-09,claim_paid,3668.41
500024,2023-07-06,renewal,509.15
500293,2023-05-18,renewal,295.99
500041,2023-03-23,renewal,435.82
500291,2023-05-09,premium_payment,911.0
500991,2024-09-20,claim_paid,4265.15
500814,2024-07-14,renewal,440.19
501013,2023-11-02,premium_refund,42.0
500127,2022-05-15,premium_payment,469.36
500738,2023-08-26,renewal,497.0
500821,2022-09-06,premium_payment,300.0
500160,2022-07-07,premium_payment,323.31
500833,2025-03-08,premium_payment,1033.49
500665,2025-05-12,renewal,902.91
500603,2022-04-19,premium_payment,342.77
500859,2022-06-01,premium_payment,300.0
500372,2023-04-24,premium_payment,340.65
500519,2023-01-10,renewal,300.51
500990,2025-03-07,claim_paid,19235.47
500336,2022-06-14,premium_payment,1345.19
500050,2022-08-04,premium_payment,300.0
500984,2025-04-11,renewal,318.25
500766,2023-01-09,premium_payment,589.36
500017,2022-01-17,premium_payment,1000.41
500763,2023-03-30,premium_payment,671.64
500056,2024-03-12,premium_refund,43.11
500088,2024-07-01,premium_payment,300.0
500638,2024-10-25,renewal,1345.17
500020,2024-08-16,premium_refund,138.72
500774,2024-03-07,premium_payment,708.52
500242,2023-03-29,premium_refund,318.29
500027,2024-02-13,renewal,322.8
500838,2024-10-06,renewal,437.19
500809,2024-06-07,premium_payment,547.96
500906,2024-02-06,renewal,1436.47
500990,2023-04-16,premium_payment,475.14
500919,2022-05-15,premium_refund,377.09
500614,2024-10-28,renewal,324.04
500078,2022-08-10,premium_payment,300.0
500061,2023-06-24,premium_payment,1140.01
500390,2024-12-16,renewal,434.6
500352,2024-08-06,renewal,591.08
500059,2024-04-22,renewal,343.74
500035,2022-01-18,premium_payment,603.79
500679,2025-03-05,renewal,311.15
500973,2024-04-02,premium_refund,146.23
500334,2024-09-02,premium_payment,564.08
500241,2024-10-03,renewal,554.43
500444,2025-05-28,claim_paid,4158.79
500893,2023-11-19,premium_payment,300.0
500427,2025-03-16,renewal,777.82
501097,2024-08-03,renewal,737.18
500072,2021-12-29,premium_payment,398.1
500106,2023-12-07,renewal,304.93
500575,2024-04-11,premium_refund,100.65
500197,2024-05-11,premium_payment,440.6
500844,2024-12-10,renewal,354.06
500376,2022-12-25,premium_payment,538.19
500585,2025-05-09,claim_paid,3923.59
500888,2022-11-21,premium_payment,333.31
500808,2024-06-07,renewal,860.37
500044,2023-05-12,premium_payment,378.25
500854,2025-02-25,renewal,1020.82
500356,2024-02-06,renewal,335.84
500323,2023-11-04,premium_payment,456.51
501095,2024-02-22,premium_refund,933.93
500742,2023-04-01,premium_payment,670.91
500919,2023-08-31,claim_paid,8096.97
500047,2024-05-03,premium_payment,374.59
500191,2022-04-16,premium_refund,53.91
500030,2025-04-19,claim_paid,3322.96
500255,2023-05-28,premium_payment,401.64
500836,2023-09-30,renewal,1326.75
500883,2024-09-16,renewal,352.25
500903,2023-12-27,renewal,508.31
500530,2023-04-23,premium_payment,516.3
500399,2022-08-29,premium_payment,824.25
500572,2025-04-16,claim_paid,6837.37
501124,2022-05-22,premium_payment,1085.44
501033,2025-01-23,renewal,1002.18
501013,2024-08-11,renewal,431.34
500797,2024-07-04,renewal,2281.23
500336,2024-06-01,renewal,1442.97
500952,2024-08-27,renewal,329.53
500430,2022-06-20,premium_payment,485.93
500172,2024-05-21,claim_paid,5767.78
500100,2025-04-13,renewal,1345.75
501072,2024-11-26,renewal,902.48
500116,2024-09-21,renewal,650.66
500574,2025-01-12,claim_paid,4234.18
500826,2024-01-13,claim_paid,2225.39
500874,2024-10-29,premium_payment,300.0
500052,2025-04-26,renewal,394.24
500193,2022-01-30,premium_payment,391.42
500293,2025-05-06,renewal,319.18
500106,2024-12-08,renewal,311.58
501067,2024-02-02,premium_payment,994.45
500674,2025-05-10,claim_paid,1209.49
500005,2024-09-20,renewal,433.93
500041,2025-03-23,renewal,404.62
500895,2024-09-27,renewal,303.77
500013,2024-09-26,renewal,1051.29
500983,2024-08-12,premium_payment,1046.53
500959,2024-08-26,premium_payment,483.58
501033,2023-01-28,premium_payment,960.05
500198,2023-04-21,renewal,296.82
500637,2023-06-03,premium_payment,335.88
500773,2025-04-14,renewal,338.12
500312,2024-10-16,claim_paid,5219.21
500905,2023-01-17,renewal,1533.52
500982,2022-09-29,premium_payment,496.84
500001,2023-05-30,premium_payment,548.92
500821,2023-09-05,renewal,330.64
500200,2024-12-13,renewal,362.99
500476,2025-05-18,renewal,711.76
500479,2023-08-24,premium_payment,331.62
500504,2022-10-04,premium_payment,566.45
500036,2024-10-16,claim_paid,3302.96
500641,2024-12-31,renewal,353.46
500913,2024-05-22,renewal,537.21
500294,2025-06-01,premium_refund,202.8
500680,2024-05-17,renewal,469.75
501095,2024-12-14,claim_paid,3893.82
500455,2023-02-06,renewal,367.23
500631,2024-08-29,premium_payment,1702.27
500339,2023-06-10,renewal,469.41
500818,2024-09-28,premium_payment,1194.47
500719,2025-01-19,renewal,588.59
500814,2023-07-23,premium_payment,439.99
500890,2023-10-03,premium_payment,1460.25
500867,2023-11-26,renewal,326.66
500207,2025-04-29,renewal,920.34
500229,2024-06-22,premium_payment,633.23
500363,2022-08-24,premium_payment,323.17
500180,2023-04-24,renewal,368.45
500171,2023-06-14,renewal,523.2
500917,2025-03-10,renewal,637.0
500936,2023-02-07,renewal,1608.81
500048,2022-06-05,premium_payment,399.78
500703,2024-12-11,renewal,559.36
500843,2022-09-30,premium_payment,300.94
501076,2023-06-26,renewal,320.5
500300,2022-05-30,premium_payment,1711.73
500351,2025-04-15,premium_refund,87.41
500364,2022-02-19,premium_payment,300.0
500810,2023-06-02,premium_payment,676.94
500535,2023-11-18,renewal,596.69
500025,2021-12-17,premium_payment,341.87
500565,2022-12-05,premium_payment,655.83
500373,2025-04-24,renewal,1334.78
501036,2025-04-24,renewal,398.78
500075,2023-02-07,premium_payment,314.44
500544,2024-06-06,premium_payment,511.1
500097,2022-10-03,premium_payment,409.0
500065,2023-10-17,renewal,432.35
500470,2024-10-26,renewal,375.86
500166,2023-05-04,premium_payment,457.59
500786,2023-12-18,renewal,407.73
500950,2024-11-29,renewal,1158.94
500491,2024-05-21,renewal,694.05
501079,2024-12-07,renewal,656.16
500977,2023-04-13,premium_payment,1322.84
501006,2025-01-23,renewal,630.98
500004,2025-03-10,renewal,417.96
500839,2024-10-10,claim_paid,1868.54
500791,2025-04-12,claim_paid,3519.24
500308,2024-08-19,premium_payment,353.05
500109,2022-12-29,renewal,330.13
500697,2022-07-25,premium_payment,421.64
500173,2023-06-07,premium_payment,477.26
500676,2024-12-29,renewal,678.34
500402,2023-12-14,renewal,441.98
500883,2023-09-09,renewal,343.36
500906,2022-02-20,premium_payment,1393.88
500527,2024-03-01,renewal,712.66
500841,2022-03-21,premium_payment,303.37
500324,2022-02-23,premium_payment,392.17
500016,2023-06-21,renewal,987.05
500379,2024-05-31,premium_payment,314.75
500240,2022-06-17,premium_payment,314.38
500940,2024-08-24,premium_refund,269.61
500593,2022-05-10,premium_payment,472.7
500492,2025-02-04,premium_payment,384.42
500449,2024-09-23,renewal,966.88
500165,2024-08-21,renewal,582.69
500291,2024-04-27,renewal,904.8
500159,2024-05-13,renewal,404.38
500420,2022-10-26,premium_payment,1921.83
500584,2022-04-29,premium_payment,867.2
500450,2024-12-09,renewal,1299.03
500206,2022-11-14,premium_payment,445.77
500602,2024-07-28,renewal,819.96
500984,2024-04-14,renewal,344.22
500667,2023-04-21,renewal,440.9
500542,2022-07-16,premium_payment,300.0
500668,2023-12-16,renewal,612.31
501096,2022-02-23,premium_payment,565.52
500540,2022-01-06,premium_payment,429.7
500730,2025-05-15,renewal,310.14
500540,2024-01-05,renewal,480.05
501049,2023-10-29,renewal,680.27
500034,2025-04-22,claim_paid,19862.56
500505,2023-06-16,premium_payment,398.91
500360,2023-12-31,renewal,1471.35
500798,2024-08-23,renewal,1368.39
500986,2025-04-26,claim_paid,11310.87
500059,2025-04-29,renewal,349.0
500491,2022-05-24,premium_payment,676.06
500406,2023-08-15,renewal,551.65
500404,2023-09-20,premium_payment,307.87
500363,2023-08-11,renewal,334.48
500661,2024-04-24,renewal,448.23
500521,2025-04-21,claim_paid,3989.98
500221,2025-03-10,claim_paid,2724.77
501117,2023-08-01,renewal,999.4
500864,2024-11-24,renewal,761.07
500845,2023-07-03,premium_payment,566.84
500598,2025-03-24,premium_payment,715.49
500388,2024-04-21,claim_paid,6224.42
500364,2024-02-18,renewal,316.65
501099,2024-12-06,renewal,1157.08
500725,2023-03-18,premium_payment,1004.68
500962,2025-05-05,renewal,1314.57
500955,2024-10-06,renewal,382.86
500942,2023-01-17,premium_payment,300.0
500286,2023-04-04,renewal,1167.98
500074,2022-01-21,premium_payment,380.38
500015,2024-10-14,renewal,552.82
501076,2024-06-15,renewal,316.11
500311,2024-05-13,renewal,718.9
500040,2024-05-18,claim_paid,3567.64
500519,2022-01-16,premium_payment,300.0
500969,2024-03-28,renewal,2510.48
500787,2024-08-07,premium_payment,2765.61
500498,2023-06-11,premium_payment,397.65
500572,2024-01-15,premium_payment,300.0
500094,2023-12-01,premium_payment,546.34
500225,2023-05-31,premium_payment,366.92
500724,2022-11-23,premium_payment,643.57
500220,2022-09-10,premium_payment,300.0
500931,2023-02-10,premium_payment,621.68
500800,2024-03-28,renewal,1669.68
500600,2022-03-03,premium_payment,718.03
500656,2025-03-13,premium_payment,434.6
501025,2023-05-29,premium_payment,444.86
500899,2024-03-28,renewal,461.77
500665,2022-05-18,premium_payment,918.75
500523,2025-03-15,premium_payment,497.79
500611,2024-09-06,premium_payment,703.25
500944,2022-07-20,premium_payment,300.0
500722,2024-09-07,renewal,446.78
500515,2023-12-14,renewal,304.42
500665,2024-05-09,renewal,947.02
500415,2024-03-28,renewal,920.88
500328,2022-10-14,premium_refund,272.91
500100,2024-04-08,renewal,1270.73
500320,2022-12-29,premium_payment,549.6
500004,2023-03-08,renewal,425.09
500498,2024-06-06,renewal,413.12
500962,2024-05-14,premium_payment,1329.92
500519,2023-09-07,claim_paid,9695.23
500461,2023-05-02,claim_paid,7526.35
500461,2022-11-07,premium_payment,1128.58
500503,2024-09-05,renewal,649.24
500646,2022-05-19,premium_payment,385.27
500929,2025-01-23,renewal,683.48
500384,2025-01-08,claim_paid,2761.15
500064,2025-04-27,premium_refund,106.77
501110,2024-02-24,renewal,552.54
500372,2025-03-04,claim_paid,1755.05
500313,2023-10-14,premium_payment,1090.76
501070,2023-11-30,renewal,906.45
500115,2024-01-10,renewal,376.29
500031,2024-01-12,premium_payment,300.0
500177,2023-09-02,premium_payment,809.05
500953,2023-01-29,premium_payment,676.28
501084,2024-03-08,renewal,601.93
500177,2024-08-18,renewal,890.23
500589,2023-12-23,premium_payment,382.84
500936,2025-04-13,claim_paid,2737.35
500822,2022-02-26,premium_payment,745.98
500261,2022-06-22,claim_paid,1279.6
500910,2024-08-15,premium_payment,868.62
500561,2023-10-08,renewal,523.2
500784,2024-03-06,premium_refund,525.13
500381,2025-02-09,premium_payment,385.31
500667,2022-04-21,premium_payment,417.08
500014,2024-06-01,claim_paid,17625.14
500946,2023-08-29,claim_paid,8561.15
500922,2022-05-19,premium_payment,584.97
500954,2022-09-09,premium_refund,137.56
500425,2025-01-19,premium_payment,779.9
500673,2024-10-09,claim_paid,3142.84
500484,2025-02-09,premium_payment,461.45
500817,2025-05-25,claim_paid,11960.61
500294,2025-02-09,premium_payment,529.4
500319,2023-04-17,premium_payment,447.93
500183,2023-11-15,renewal,1064.11
500655,2023-12-28,premium_payment,324.33
500711,2025-03-16,premium_payment,561.73
500363,2024-06-15,claim_paid,5981.62
500271,2023-07-13,renewal,1279.85
500052,2022-05-07,premium_payment,400.86
500184,2024-12-31,renewal,1588.08
500700,2024-12-21,renewal,426.35
501109,2024-07-22,renewal,595.76
500040,2024-09-16,renewal,382.32
500901,2024-11-25,renewal,1130.34
500329,2024-09-28,claim_paid,6056.71
500702,2024-08-22,renewal,391.29
500005,2023-09-27,renewal,448.25
500128,2022-08-07,premium_payment,373.68
500461,2023-02-08,premium_refund,316.54
500513,2022-04-29,premium_payment,1290.67
500622,2025-04-12,premium_payment,300.0
501057,2024-03-03,renewal,704.17
501057,2023-03-16,renewal,672.84
501019,2025-04-04,claim_paid,5104.93
500673,2022-11-16,premium_payment,631.44
500963,2024-08-07,renewal,2127.32
500727,2024-02-08,premium_payment,943.7
500373,2024-04-24,premium_payment,1216.73
500946,2022-09-13,premium_payment,530.05
500389,2024-05-24,premium_payment,326.92
500218,2023-08-06,renewal,331.04
500769,2025-03-19,renewal,295.34
500148,2025-04-19,renewal,387.65
500228,2023-08-20,premium_payment,453.53
500580,2024-07-12,premium_payment,370.47
500442,2023-01-06,premium_payment,388.86
501059,2023-05-29,premium_payment,465.62
500769,2024-03-22,premium_payment,300.0
500770,2024-10-09,renewal,557.65
500896,2024-09-14,premium_payment,1038.96
500159,2023-05-13,renewal,397.79
501072,2023-01-13,premium_refund,207.06
500567,2024-04-18,renewal,809.25
500704,2025-05-17,claim_paid,4741.25
500244,2025-05-26,renewal,420.54
500528,2023-08-18,premium_payment,302.6
501004,2023-07-30,renewal,473.33
500416,2024-02-02,renewal,1599.71
500765,2024-02-07,premium_payment,341.08
500921,2025-04-09,renewal,1014.86
500439,2024-01-28,premium_payment,300.0
500471,2025-03-19,claim_paid,2803.32
501088,2022-11-16,premium_payment,333.46
500432,2025-04-12,renewal,395.64
500723,2024-10-14,claim_paid,5587.49
500068,2024-01-24,renewal,423.88
500256,2024-12-06,premium_payment,300.0
500637,2024-05-25,renewal,355.21
500306,2024-12-03,premium_payment,300.0
500520,2023-11-16,claim_paid,2911.92
500389,2025-05-17,renewal,327.44
500214,2023-10-29,premium_payment,300.0
500248,2023-04-03,renewal,400.31
500491,2023-05-19,renewal,745.74
500483,2023-11-21,premium_payment,1481.09
500226,2025-01-06,renewal,592.33
500278,2023-01-25,premium_payment,300.0
500969,2023-03-29,premium_payment,2251.86
500717,2024-06-08,premium_payment,1367.49
500440,2024-03-14,claim_paid,1955.4
500835,2025-03-16,premium_payment,1259.81
500496,2022-12-03,premium_payment,725.53
501058,2024-04-25,renewal,691.52
500052,2024-04-21,renewal,403.6
500324,2023-02-12,renewal,405.7
501041,2024-03-04,renewal,570.58
500853,2023-04-08,premium_payment,301.16
500467,2025-01-15,renewal,2190.09
500781,2022-02-18,premium_payment,1070.64
500364,2024-05-10,claim_paid,9018.17
500054,2024-01-17,premium_payment,300.0
500287,2025-04-13,renewal,316.57
501028,2025-03-06,claim_paid,4329.2
501009,2023-12-07,renewal,710.2
501107,2023-06-04,premium_payment,525.0
500279,2022-01-31,premium_payment,1318.96
500164,2024-10-16,renewal,1570.19
500117,2025-02-12,premium_payment,360.37
500018,2022-11-20,premium_payment,609.64
500430,2024-06-16,renewal,525.97
500382,2024-11-27,renewal,308.71
500341,2023-05-27,premium_payment,679.22
500524,2025-01-02,premium_refund,276.39
500486,2024-02-15,renewal,1160.46
500002,2025-04-08,renewal,1317.94
500684,2023-04-15,premium_payment,460.26
500466,2024-11-29,premium_payment,454.78
500368,2024-05-15,renewal,633.54
500298,2022-05-02,premium_payment,300.0
500737,2023-03-27,renewal,388.78
500942,2024-01-04,renewal,308.1
500495,2024-01-06,premium_payment,743.76
500253,2025-03-26,renewal,401.83
500020,2024-05-24,premium_payment,321.28
500374,2023-10-25,premium_payment,330.74
500856,2022-11-26,premium_refund,489.11
500786,2022-12-21,premium_payment,413.23
500365,2024-07-16,renewal,510.77
500481,2024-12-26,renewal,1951.43
500503,2023-09-20,premium_payment,644.51
500822,2025-02-13,renewal,741.75
500422,2022-08-10,premium_payment,435.58
500178,2024-08-18,renewal,308.27
500009,2023-07-05,premium_payment,439.23
500298,2025-04-29,renewal,307.22
500014,2025-03-13,renewal,303.67
501068,2022-03-29,premium_payment,507.74
500232,2024-05-02,premium_payment,423.7
500399,2024-08-14,renewal,809.94
500793,2024-02-24,premium_payment,1026.53
500816,2024-07-27,premium_payment,1982.32
500239,2023-06-17,premium_payment,420.42
500733,2025-01-30,renewal,920.27
501106,2024-07-08,premium_payment,672.72
500105,2023-04-17,premium_payment,460.0
500345,2025-03-17,claim_paid,2369.91
500607,2023-11-20,renewal,450.22
500068,2025-01-23,renewal,444.28
500726,2024-06-12,renewal,449.32
500274,2023-10-06,renewal,784.85
501082,2023-11-14,premium_refund,56.71
500579,2023-11-08,renewal,425.26
500251,2025-02-25,claim_paid,3239.97
500758,2023-06-03,premium_payment,397.55
500782,2024-10-19,renewal,903.44
500893,2025-01-14,claim_paid,7694.6
500058,2022-09-26,premium_payment,353.1
501122,2024-04-27,renewal,1096.77
500869,2024-11-10,premium_refund,95.95
500427,2022-03-17,premium_payment,791.89
501121,2025-01-11,renewal,439.19
500080,2023-12-09,premium_payment,922.99
500490,2024-07-20,renewal,547.82
500431,2023-09-14,premium_payment,474.02
500304,2025-04-17,renewal,415.78
500265,2025-02-27,renewal,568.8
500076,2021-12-13,premium_payment,695.14
500134,2024-02-16,renewal,927.92
501046,2024-03-23,premium_payment,436.01
500459,2023-09-06,claim_paid,7951.2
501064,2024-09-26,renewal,562.81
501083,2023-03-03,premium_payment,506.36
500462,2024-02-26,renewal,709.32
500945,2025-05-15,renewal,490.2
500537,2024-02-05,premium_payment,832.9
500008,2023-02-09,renewal,353.15
501123,2024-10-24,claim_paid,1699.56
500243,2022-10-17,premium_payment,365.86
500289,2022-12-18,premium_payment,457.01
501017,2024-01-22,premium_payment,477.14
501030,2024-12-12,renewal,476.95
500649,2024-06-08,claim_paid,3828.96
500417,2022-10-08,premium_payment,717.71
500998,2024-11-13,premium_payment,1162.54
500353,2024-01-02,premium_payment,345.44
500097,2024-09-17,renewal,446.49
500898,2024-03-26,claim_paid,4794.49
500776,2022-08-05,premium_payment,469.61
501117,2022-08-14,premium_payment,915.87
500978,2024-11-17,renewal,303.05
500902,2024-03-04,claim_paid,2661.52
500729,2024-01-12,renewal,412.72
500455,2022-02-13,premium_payment,359.34
500205,2025-02-20,claim_paid,5339.69
500415,2025-04-03,renewal,854.91
501122,2023-05-04,renewal,1117.19
500280,2024-02-10,premium_payment,300.0
501048,2025-02-20,renewal,526.54
500524,2024-09-24,premium_payment,556.13
500499,2023-08-09,premium_payment,300.0
500610,2024-11-29,renewal,671.15
501020,2025-04-22,renewal,1851.18
500659,2025-02-14,renewal,1980.23
501100,2022-07-18,premium_payment,327.97
500562,2025-05-02,renewal,812.04
501079,2022-12-21,premium_payment,634.85
500688,2025-05-18,renewal,1297.13
500070,2023-09-21,premium_refund,148.31
500733,2024-02-04,premium_payment,826.93
500416,2023-02-06,premium_payment,1529.32
501097,2023-08-10,premium_payment,686.36
500382,2025-05-30,claim_paid,4940.92
500829,2024-07-29,premium_payment,1509.31
500812,2024-08-09,renewal,506.64
500943,2022-12-03,premium_refund,42.31
500044,2024-05-01,renewal,393.53
501067,2025-01-28,renewal,1044.8
500108,2025-05-13,claim_paid,15682.11
500047,2025-04-23,renewal,417.36
500624,2023-03-27,premium_payment,1480.44
500623,2023-09-09,renewal,715.62
500710,2025-04-27,renewal,510.86
500258,2023-11-07,premium_payment,300.0
500275,2025-01-22,premium_payment,2054.14
500730,2022-05-19,premium_payment,300.72
500907,2023-09-24,premium_payment,1508.54
500943,2022-11-06,premium_payment,300.0
500180,2022-05-01,premium_payment,361.53
500497,2025-05-01,renewal,724.63
500966,2023-09-24,premium_payment,300.0
500724,2024-11-22,renewal,667.93
500891,2022-08-20,premium_payment,507.18
501071,2024-03-02,premium_payment,493.55
500199,2023-08-06,premium_payment,557.18
500988,2022-07-30,premium_payment,810.98
500573,2024-08-15,premium_payment,329.18
500887,2024-10-21,claim_paid,6719.48
500383,2023-12-18,renewal,406.97
501098,2024-12-02,premium_payment,300.0
500273,2025-03-16,renewal,760.06
501029,2023-01-31,premium_payment,396.56
501044,2023-06-23,premium_payment,659.21
500771,2023-05-26,renewal,916.02
500114,2024-08-28,premium_payment,465.77
500704,2024-09-14,premium_payment,446.07
500621,2025-05-15,renewal,1226.87
500942,2025-01-14,renewal,323.31
500851,2023-08-13,premium_payment,704.51
500777,2023-04-04,renewal,887.56
500280,2025-01-25,renewal,296.39
501027,2022-09-04,premium_payment,452.2
501068,2023-03-17,renewal,554.04
500845,2024-07-02,renewal,590.6
500214,2024-10-21,renewal,334.93
500794,2025-01-14,premium_payment,1122.59
500745,2023-03-29,renewal,616.15
500065,2024-10-23,renewal,410.1
500663,2022-02-18,premium_payment,507.04
500858,2024-10-05,renewal,573.53
500591,2022-01-22,premium_payment,349.31
501108,2025-04-26,renewal,322.66
500289,2023-12-03,renewal,499.31
500773,2024-04-21,renewal,344.56
500079,2022-05-16,premium_payment,300.0
500494,2024-10-29,premium_payment,300.0
500266,2024-10-18,renewal,816.71
500939,2025-04-21,renewal,562.94
500834,2024-06-30,renewal,489.14
500082,2024-12-25,premium_payment,532.35
500997,2023-01-29,renewal,453.08
500131,2024-01-12,renewal,1261.39
500338,2024-04-10,premium_payment,300.0
500178,2023-11-04,claim_paid,5083.97
500055,2024-04-13,renewal,646.37
500087,2024-04-03,premium_payment,367.99
500367,2023-01-12,premium_payment,424.3
500985,2023-11-02,premium_payment,300.0
500621,2024-10-06,claim_paid,4100.05
500745,2022-04-04,premium_payment,628.02
500729,2025-04-14,claim_paid,8344.17
500734,2024-04-10,premium_payment,522.31
501096,2024-02-12,renewal,613.65
500497,2024-05-06,premium_payment,707.89
500716,2023-08-18,renewal,1369.35
501047,2025-03-17,premium_payment,514.55
500758,2024-06-01,renewal,414.94
500374,2024-10-10,renewal,358.68
500680,2025-05-10,renewal,456.54
500974,2024-12-04,premium_payment,490.0
500281,2022-03-06,premium_payment,969.23
500001,2024-12-30,claim_paid,2945.91
500928,2025-02-16,renewal,1884.88
500304,2024-04-19,renewal,393.55
500705,2022-06-04,premium_payment,1129.36
500559,2024-01-08,renewal,672.96
501075,2024-07-15,premium_payment,1386.79
500657,2022-08-25,premium_payment,2388.77
500799,2025-04-24,premium_payment,479.22
500489,2024-02-04,renewal,386.04
501091,2024-03-18,renewal,2190.47
500703,2022-12-23,premium_payment,521.92
500866,2024-06-10,premium_payment,558.26
500290,2022-12-26,renewal,299.89
500298,2024-04-21,renewal,318.58
500542,2023-07-09,renewal,298.9
500139,2024-10-17,claim_paid,4437.15
500284,2024-07-09,premium_payment,464.35
500620,2024-06-25,premium_payment,532.69
500641,2023-01-09,premium_payment,333.56
500309,2024-09-29,premium_payment,408.19
500554,2024-02-21,renewal,529.55
500762,2025-03-22,premium_payment,498.56
500423,2022-06-27,premium_payment,1211.28
500565,2023-11-26,renewal,655.26
500604,2024-09-16,claim_paid,4593.78
500607,2022-11-26,premium_payment,432.36
500957,2022-11-24,premium_payment,577.17
500647,2025-03-04,renewal,656.08
500884,2022-05-07,premium_payment,714.69
500661,2022-04-28,premium_payment,446.08
500716,2022-11-01,claim_paid,3594.64
500584,2023-04-20,renewal,911.71
501119,2025-02-06,renewal,1157.39
501111,2022-07-31,premium_payment,920.04
500708,2025-03-09,renewal,374.01
500456,2024-09-05,renewal,329.07
500352,2023-08-17,premium_payment,588.2
500686,2023-05-19,premium_payment,300.0
500784,2023-12-20,premium_payment,2000.62
500740,2022-12-24,premium_payment,1640.52
500509,2023-07-24,renewal,792.53
500459,2025-01-16,renewal,1445.26
500241,2023-10-13,premium_payment,506.92
500723,2024-10-13,renewal,642.02
501086,2024-12-05,renewal,352.76
500757,2024-06-21,premium_payment,569.67
500831,2024-04-22,premium_payment,907.25
500042,2025-02-18,premium_payment,706.07
500445,2024-10-17,premium_payment,613.32
500249,2024-06-20,renewal,377.46
500377,2024-10-29,renewal,486.37
500643,2023-01-05,premium_payment,574.13
500811,2023-06-22,renewal,2329.69
500452,2023-02-03,renewal,502.89
500089,2024-02-20,premium_payment,357.86
500174,2022-05-16,premium_refund,146.42
500380,2024-05-15,renewal,447.89
500178,2022-09-02,premium_payment,300.0
501084,2025-02-28,renewal,612.78
500448,2024-05-13,renewal,1302.92
500643,2024-01-03,renewal,606.59
500417,2023-10-05,renewal,740.89
500673,2024-11-05,renewal,628.23
500819,2022-12-22,premium_payment,1032.16
500922,2025-05-18,renewal,613.05
500356,2023-02-01,renewal,335.6
500753,2024-11-12,renewal,907.17
501057,2022-03-17,premium_payment,628.8
500221,2023-06-02,renewal,360.66
500343,2024-08-21,premium_payment,300.0
500803,2024-08-03,renewal,482.64
500085,2025-03-14,premium_payment,430.89
500936,2024-02-04,renewal,1647.26
500903,2024-12-22,renewal,499.39
500979,2022-11-02,premium_payment,300.0
500773,2024-08-02,claim_paid,5974.83
500168,2024-05-31,renewal,756.13
501001,2024-09-14,premium_payment,493.9
500185,2024-11-13,premium_payment,300.0
500730,2024-05-13,renewal,318.59
500174,2022-01-30,premium_payment,300.0
500657,2024-08-20,renewal,2395.01
500502,2022-12-22,renewal,450.28
500647,2024-03-13,renewal,666.4
500880,2024-08-12,premium_payment,355.69
500496,2024-11-21,renewal,715.81
500590,2023-07-23,premium_payment,470.13
500026,2023-11-27,premium_payment,1071.78
500892,2024-11-28,renewal,1084.97
500508,2025-03-16,renewal,636.23
500216,2024-10-23,premium_payment,317.98
500169,2024-02-07,premium_payment,448.47
500955,2024-12-14,claim_paid,1213.65
500337,2023-01-31,premium_payment,1224.41
500972,2024-12-24,premium_payment,300.0
500349,2024-03-17,premium_payment,562.55
500465,2022-04-02,premium_payment,446.29
500383,2021-12-26,premium_payment,373.26
500150,2024-01-16,premium_payment,661.19
501004,2024-07-25,renewal,453.98
500442,2023-08-23,claim_paid,2915.44
500552,2023-06-23,premium_payment,828.43
500200,2023-12-16,renewal,366.15
500360,2024-12-28,renewal,1389.05
500993,2022-10-13,premium_payment,665.67
500432,2024-04-12,renewal,397.22
500856,2024-08-03,renewal,1022.8
500086,2025-01-19,premium_payment,376.3
500071,2022-07-02,premium_payment,1102.17
500676,2023-01-06,premium_payment,606.31
501054,2022-06-30,premium_payment,300.0
500305,2024-10-22,renewal,308.14
500649,2022-06-02,premium_payment,1441.93
500487,2024-10-23,renewal,367.63
500446,2022-08-19,premium_payment,418.53
500679,2024-03-19,premium_payment,300.0
500844,2022-12-22,premium_payment,331.06
500964,2022-12-31,premium_payment,325.99
500014,2024-03-14,premium_payment,300.0
500341,2025-05-22,renewal,691.38
501101,2025-03-27,premium_payment,300.0
500640,2025-04-02,renewal,656.48
500600,2024-02-27,renewal,788.74
500921,2023-04-15,premium_payment,997.52
500588,2023-07-04,renewal,342.63
500884,2025-04-26,renewal,718.37
500103,2022-06-09,premium_payment,869.7
500892,2023-12-02,renewal,968.05
501015,2025-01-29,premium_refund,221.0
500263,2024-08-07,renewal,617.66
501049,2022-11-05,premium_payment,625.43
500561,2024-10-12,renewal,521.56
500949,2023-11-17,premium_payment,1100.03
500895,2023-10-11,premium_payment,300.0
500283,2022-01-10,premium_payment,415.24
500660,2024-06-06,premium_payment,484.77
500547,2025-04-05,renewal,1495.57
500820,2024-11-30,renewal,365.15
500249,2023-07-01,premium_payment,351.08
500079,2025-05-04,renewal,330.82
500779,2023-01-22,premium_payment,477.26
500423,2022-08-22,premium_refund,157.47
500887,2024-03-24,renewal,690.63
501102,2024-10-07,renewal,397.0
500467,2024-05-31,claim_paid,6614.1
500207,2024-05-04,renewal,899.46
500326,2024-08-18,renewal,349.73
500987,2025-02-02,renewal,613.35
500010,2022-05-04,premium_payment,510.76
500202,2023-03-17,renewal,505.98
500509,2024-07-26,renewal,866.92
500996,2024-02-12,renewal,800.57
500415,2023-08-15,claim_paid,7224.92
500522,2024-10-08,premium_payment,958.84
501048,2024-02-29,premium_payment,478.43
500654,2024-08-14,premium_payment,315.0
501028,2024-10-17,renewal,420.11
500339,2022-06-17,premium_payment,477.62
500726,2023-06-06,renewal,414.0
500059,2022-04-30,premium_payment,336.51
500920,2023-04-20,renewal,1318.14
500642,2024-04-27,premium_payment,1640.4
500147,2024-02-26,renewal,320.67
500534,2022-10-27,premium_payment,595.67
500205,2022-08-27,premium_payment,998.26
500932,2023-12-22,renewal,485.4
500705,2024-05-26,renewal,1109.0
500473,2024-04-19,premium_payment,415.52
500487,2024-08-09,claim_paid,8914.96
500560,2024-07-23,renewal,1818.52
500376,2024-12-24,renewal,546.7
